experiment_id,experiment_group,protocol_version,dataset,data_root,outer_target,method,trainer_method,backbone,seed,optimization_seed,source_split_seed,lambda_f,lambda_k,temperature,augmentation_M,selection_protocol,config_hash,dataset_fingerprint,status,result_path,checkpoint_path,gpu,exit_code,rerun_reason
cross-vlcs-erm-Caltech101-seed42,P0_cross_dataset_confirmation,shiftguard-cross-dataset-v1.1,vlcs,data/VLCS,Caltech101,erm,erm,torchvision:resnet50:IMAGENET1K_V2,42,42,42,0.0,0.0,2.0,9,highest_source_validation_accuracy_earliest_exact_tie,ee277c5f3f037bfdc24050edd31c1402f4b44ceb2e84da1be2f0394aaf1c393c,94bcf75dd22fb036d9ed5149215a69420654f1d7699f1686b5c987e7caa77dc2,complete,runs/revision/cross_dataset/vlcs/erm/Caltech101/42/vlcs_Caltech101_resnet50_erm_seed42.json,runs/revision/cross_dataset/vlcs/erm/Caltech101/42/vlcs_Caltech101_resnet50_erm_seed42.pt,1,0,
cross-vlcs-erm-Caltech101-seed123,P0_cross_dataset_confirmation,shiftguard-cross-dataset-v1.1,vlcs,data/VLCS,Caltech101,erm,erm,torchvision:resnet50:IMAGENET1K_V2,123,123,123,0.0,0.0,2.0,9,highest_source_validation_accuracy_earliest_exact_tie,3b90052a3ef110c7a49346942f051894323d1bc1caa85eb518766b2402186a90,94bcf75dd22fb036d9ed5149215a69420654f1d7699f1686b5c987e7caa77dc2,complete,runs/revision/cross_dataset/vlcs/erm/Caltech101/123/vlcs_Caltech101_resnet50_erm_seed123.json,runs/revision/cross_dataset/vlcs/erm/Caltech101/123/vlcs_Caltech101_resnet50_erm_seed123.pt,1,0,
cross-vlcs-erm-Caltech101-seed3407,P0_cross_dataset_confirmation,shiftguard-cross-dataset-v1.1,vlcs,data/VLCS,Caltech101,erm,erm,torchvision:resnet50:IMAGENET1K_V2,3407,3407,3407,0.0,0.0,2.0,9,highest_source_validation_accuracy_earliest_exact_tie,6193d18a766e80490bbd843267f1656dfbe3ea14f7073c8796c26e934c9dbc62,94bcf75dd22fb036d9ed5149215a69420654f1d7699f1686b5c987e7caa77dc2,complete,runs/revision/cross_dataset/vlcs/erm/Caltech101/3407/vlcs_Caltech101_resnet50_erm_seed3407.json,runs/revision/cross_dataset/vlcs/erm/Caltech101/3407/vlcs_Caltech101_resnet50_erm_seed3407.pt,1,0,
cross-vlcs-erm-Caltech101-seed2026,P0_cross_dataset_confirmation,shiftguard-cross-dataset-v1.1,vlcs,data/VLCS,Caltech101,erm,erm,torchvision:resnet50:IMAGENET1K_V2,2026,2026,2026,0.0,0.0,2.0,9,highest_source_validation_accuracy_earliest_exact_tie,389c72d5a083cda1b2ca2a744155a48604130ba38a653f375dac966f3b819c93,94bcf75dd22fb036d9ed5149215a69420654f1d7699f1686b5c987e7caa77dc2,complete,runs/revision/cross_dataset/vlcs/erm/Caltech101/2026/vlcs_Caltech101_resnet50_erm_seed2026.json,runs/revision/cross_dataset/vlcs/erm/Caltech101/2026/vlcs_Caltech101_resnet50_erm_seed2026.pt,1,0,
cross-vlcs-erm-Caltech101-seed2027,P0_cross_dataset_confirmation,shiftguard-cross-dataset-v1.1,vlcs,data/VLCS,Caltech101,erm,erm,torchvision:resnet50:IMAGENET1K_V2,2027,2027,2027,0.0,0.0,2.0,9,highest_source_validation_accuracy_earliest_exact_tie,06fc420a767119900f43cbcafbf0135c1dc5cb14d189afe08fc0ed39d17243f3,94bcf75dd22fb036d9ed5149215a69420654f1d7699f1686b5c987e7caa77dc2,complete,runs/revision/cross_dataset/vlcs/erm/Caltech101/2027/vlcs_Caltech101_resnet50_erm_seed2027.json,runs/revision/cross_dataset/vlcs/erm/Caltech101/2027/vlcs_Caltech101_resnet50_erm_seed2027.pt,1,0,
cross-vlcs-erm-LabelMe-seed42,P0_cross_dataset_confirmation,shiftguard-cross-dataset-v1.1,vlcs,data/VLCS,LabelMe,erm,erm,torchvision:resnet50:IMAGENET1K_V2,42,42,42,0.0,0.0,2.0,9,highest_source_validation_accuracy_earliest_exact_tie,de2c506b02c49dccf551ce865416130a55d333f054541e918d49478ca6d4cfa2,94bcf75dd22fb036d9ed5149215a69420654f1d7699f1686b5c987e7caa77dc2,complete,runs/revision/cross_dataset/vlcs/erm/LabelMe/42/vlcs_LabelMe_resnet50_erm_seed42.json,runs/revision/cross_dataset/vlcs/erm/LabelMe/42/vlcs_LabelMe_resnet50_erm_seed42.pt,1,0,
cross-vlcs-erm-LabelMe-seed123,P0_cross_dataset_confirmation,shiftguard-cross-dataset-v1.1,vlcs,data/VLCS,LabelMe,erm,erm,torchvision:resnet50:IMAGENET1K_V2,123,123,123,0.0,0.0,2.0,9,highest_source_validation_accuracy_earliest_exact_tie,f0b6bc2ed77b079f510ca9442b9856479985fccf9394249766bd86f18b7e9407,94bcf75dd22fb036d9ed5149215a69420654f1d7699f1686b5c987e7caa77dc2,complete,runs/revision/cross_dataset/vlcs/erm/LabelMe/123/vlcs_LabelMe_resnet50_erm_seed123.json,runs/revision/cross_dataset/vlcs/erm/LabelMe/123/vlcs_LabelMe_resnet50_erm_seed123.pt,1,0,
cross-vlcs-erm-LabelMe-seed3407,P0_cross_dataset_confirmation,shiftguard-cross-dataset-v1.1,vlcs,data/VLCS,LabelMe,erm,erm,torchvision:resnet50:IMAGENET1K_V2,3407,3407,3407,0.0,0.0,2.0,9,highest_source_validation_accuracy_earliest_exact_tie,96bfe6a46ad878a1edd2044abd9aa29a913eb8cc08293cfc074ac0ef2c08d0fd,94bcf75dd22fb036d9ed5149215a69420654f1d7699f1686b5c987e7caa77dc2,complete,runs/revision/cross_dataset/vlcs/erm/LabelMe/3407/vlcs_LabelMe_resnet50_erm_seed3407.json,runs/revision/cross_dataset/vlcs/erm/LabelMe/3407/vlcs_LabelMe_resnet50_erm_seed3407.pt,1,0,
cross-vlcs-erm-LabelMe-seed2026,P0_cross_dataset_confirmation,shiftguard-cross-dataset-v1.1,vlcs,data/VLCS,LabelMe,erm,erm,torchvision:resnet50:IMAGENET1K_V2,2026,2026,2026,0.0,0.0,2.0,9,highest_source_validation_accuracy_earliest_exact_tie,f954e4b4b01045b69d4a38931b5a53a450271218cfdd45378025fa91ea27057e,94bcf75dd22fb036d9ed5149215a69420654f1d7699f1686b5c987e7caa77dc2,complete,runs/revision/cross_dataset/vlcs/erm/LabelMe/2026/vlcs_LabelMe_resnet50_erm_seed2026.json,runs/revision/cross_dataset/vlcs/erm/LabelMe/2026/vlcs_LabelMe_resnet50_erm_seed2026.pt,1,0,
cross-vlcs-erm-LabelMe-seed2027,P0_cross_dataset_confirmation,shiftguard-cross-dataset-v1.1,vlcs,data/VLCS,LabelMe,erm,erm,torchvision:resnet50:IMAGENET1K_V2,2027,2027,2027,0.0,0.0,2.0,9,highest_source_validation_accuracy_earliest_exact_tie,a14ca33d0f8b2462a8ee858599c0aef4114bcd7adc2a8ac084a2c2a22ffc4318,94bcf75dd22fb036d9ed5149215a69420654f1d7699f1686b5c987e7caa77dc2,complete,runs/revision/cross_dataset/vlcs/erm/LabelMe/2027/vlcs_LabelMe_resnet50_erm_seed2027.json,runs/revision/cross_dataset/vlcs/erm/LabelMe/2027/vlcs_LabelMe_resnet50_erm_seed2027.pt,1,0,
cross-vlcs-erm-SUN09-seed42,P0_cross_dataset_confirmation,shiftguard-cross-dataset-v1.1,vlcs,data/VLCS,SUN09,erm,erm,torchvision:resnet50:IMAGENET1K_V2,42,42,42,0.0,0.0,2.0,9,highest_source_validation_accuracy_earliest_exact_tie,35c009930e9d1f3d519bbbc2d78bfbd41c8a6b9cd96a993a30db5391208ace2e,94bcf75dd22fb036d9ed5149215a69420654f1d7699f1686b5c987e7caa77dc2,complete,runs/revision/cross_dataset/vlcs/erm/SUN09/42/vlcs_SUN09_resnet50_erm_seed42.json,runs/revision/cross_dataset/vlcs/erm/SUN09/42/vlcs_SUN09_resnet50_erm_seed42.pt,1,0,
cross-vlcs-erm-SUN09-seed123,P0_cross_dataset_confirmation,shiftguard-cross-dataset-v1.1,vlcs,data/VLCS,SUN09,erm,erm,torchvision:resnet50:IMAGENET1K_V2,123,123,123,0.0,0.0,2.0,9,highest_source_validation_accuracy_earliest_exact_tie,03aa94de25ad882800966893fc6c9fbd695999486e08184e070323479005fb35,94bcf75dd22fb036d9ed5149215a69420654f1d7699f1686b5c987e7caa77dc2,complete,runs/revision/cross_dataset/vlcs/erm/SUN09/123/vlcs_SUN09_resnet50_erm_seed123.json,runs/revision/cross_dataset/vlcs/erm/SUN09/123/vlcs_SUN09_resnet50_erm_seed123.pt,1,0,
cross-vlcs-erm-SUN09-seed3407,P0_cross_dataset_confirmation,shiftguard-cross-dataset-v1.1,vlcs,data/VLCS,SUN09,erm,erm,torchvision:resnet50:IMAGENET1K_V2,3407,3407,3407,0.0,0.0,2.0,9,highest_source_validation_accuracy_earliest_exact_tie,8ed6493f8d2f983dbd4f2b72134414a11ed3d961e15943538f26131150ae7854,94bcf75dd22fb036d9ed5149215a69420654f1d7699f1686b5c987e7caa77dc2,complete,runs/revision/cross_dataset/vlcs/erm/SUN09/3407/vlcs_SUN09_resnet50_erm_seed3407.json,runs/revision/cross_dataset/vlcs/erm/SUN09/3407/vlcs_SUN09_resnet50_erm_seed3407.pt,1,0,
cross-vlcs-erm-SUN09-seed2026,P0_cross_dataset_confirmation,shiftguard-cross-dataset-v1.1,vlcs,data/VLCS,SUN09,erm,erm,torchvision:resnet50:IMAGENET1K_V2,2026,2026,2026,0.0,0.0,2.0,9,highest_source_validation_accuracy_earliest_exact_tie,f9f96d34391bc5db7bf7c540985172db8430d6a3cdee192faecc2dea92c6069f,94bcf75dd22fb036d9ed5149215a69420654f1d7699f1686b5c987e7caa77dc2,complete,runs/revision/cross_dataset/vlcs/erm/SUN09/2026/vlcs_SUN09_resnet50_erm_seed2026.json,runs/revision/cross_dataset/vlcs/erm/SUN09/2026/vlcs_SUN09_resnet50_erm_seed2026.pt,1,0,
cross-vlcs-erm-SUN09-seed2027,P0_cross_dataset_confirmation,shiftguard-cross-dataset-v1.1,vlcs,data/VLCS,SUN09,erm,erm,torchvision:resnet50:IMAGENET1K_V2,2027,2027,2027,0.0,0.0,2.0,9,highest_source_validation_accuracy_earliest_exact_tie,1287270158a682c23ac21c0c60a60f8a6b3d739068c60cfcbe1a72e91c74c96d,94bcf75dd22fb036d9ed5149215a69420654f1d7699f1686b5c987e7caa77dc2,complete,runs/revision/cross_dataset/vlcs/erm/SUN09/2027/vlcs_SUN09_resnet50_erm_seed2027.json,runs/revision/cross_dataset/vlcs/erm/SUN09/2027/vlcs_SUN09_resnet50_erm_seed2027.pt,1,0,
cross-vlcs-erm-VOC2007-seed42,P0_cross_dataset_confirmation,shiftguard-cross-dataset-v1.1,vlcs,data/VLCS,VOC2007,erm,erm,torchvision:resnet50:IMAGENET1K_V2,42,42,42,0.0,0.0,2.0,9,highest_source_validation_accuracy_earliest_exact_tie,f31b418db3556ff346a6ca71357884e42daec956744df439c9bb83335ed79496,94bcf75dd22fb036d9ed5149215a69420654f1d7699f1686b5c987e7caa77dc2,complete,runs/revision/cross_dataset/vlcs/erm/VOC2007/42/vlcs_VOC2007_resnet50_erm_seed42.json,runs/revision/cross_dataset/vlcs/erm/VOC2007/42/vlcs_VOC2007_resnet50_erm_seed42.pt,1,0,
cross-vlcs-erm-VOC2007-seed123,P0_cross_dataset_confirmation,shiftguard-cross-dataset-v1.1,vlcs,data/VLCS,VOC2007,erm,erm,torchvision:resnet50:IMAGENET1K_V2,123,123,123,0.0,0.0,2.0,9,highest_source_validation_accuracy_earliest_exact_tie,30b936d35ac1de887f4dcd7ed60fcf0784f9ee4405b6a102802672e396c768ab,94bcf75dd22fb036d9ed5149215a69420654f1d7699f1686b5c987e7caa77dc2,complete,runs/revision/cross_dataset/vlcs/erm/VOC2007/123/vlcs_VOC2007_resnet50_erm_seed123.json,runs/revision/cross_dataset/vlcs/erm/VOC2007/123/vlcs_VOC2007_resnet50_erm_seed123.pt,1,0,
cross-vlcs-erm-VOC2007-seed3407,P0_cross_dataset_confirmation,shiftguard-cross-dataset-v1.1,vlcs,data/VLCS,VOC2007,erm,erm,torchvision:resnet50:IMAGENET1K_V2,3407,3407,3407,0.0,0.0,2.0,9,highest_source_validation_accuracy_earliest_exact_tie,ae7c0eb8ba062cce212eb9918234d4d5016c5fd6552504640fbe0001c314820b,94bcf75dd22fb036d9ed5149215a69420654f1d7699f1686b5c987e7caa77dc2,complete,runs/revision/cross_dataset/vlcs/erm/VOC2007/3407/vlcs_VOC2007_resnet50_erm_seed3407.json,runs/revision/cross_dataset/vlcs/erm/VOC2007/3407/vlcs_VOC2007_resnet50_erm_seed3407.pt,1,0,
cross-vlcs-erm-VOC2007-seed2026,P0_cross_dataset_confirmation,shiftguard-cross-dataset-v1.1,vlcs,data/VLCS,VOC2007,erm,erm,torchvision:resnet50:IMAGENET1K_V2,2026,2026,2026,0.0,0.0,2.0,9,highest_source_validation_accuracy_earliest_exact_tie,5e0d1c84d82217894158c6957f82b56b1b6b521e7667ef9b49c80a9da56a57bd,94bcf75dd22fb036d9ed5149215a69420654f1d7699f1686b5c987e7caa77dc2,complete,runs/revision/cross_dataset/vlcs/erm/VOC2007/2026/vlcs_VOC2007_resnet50_erm_seed2026.json,runs/revision/cross_dataset/vlcs/erm/VOC2007/2026/vlcs_VOC2007_resnet50_erm_seed2026.pt,1,0,
cross-vlcs-erm-VOC2007-seed2027,P0_cross_dataset_confirmation,shiftguard-cross-dataset-v1.1,vlcs,data/VLCS,VOC2007,erm,erm,torchvision:resnet50:IMAGENET1K_V2,2027,2027,2027,0.0,0.0,2.0,9,highest_source_validation_accuracy_earliest_exact_tie,885851561b2255a115d65efb9575ab7c74b415570084f17c82a75678541f6a4b,94bcf75dd22fb036d9ed5149215a69420654f1d7699f1686b5c987e7caa77dc2,complete,runs/revision/cross_dataset/vlcs/erm/VOC2007/2027/vlcs_VOC2007_resnet50_erm_seed2027.json,runs/revision/cross_dataset/vlcs/erm/VOC2007/2027/vlcs_VOC2007_resnet50_erm_seed2027.pt,1,0,
cross-vlcs-strong_aug-Caltech101-seed42,P0_cross_dataset_confirmation,shiftguard-cross-dataset-v1.1,vlcs,data/VLCS,Caltech101,strong_aug,strong_aug,torchvision:resnet50:IMAGENET1K_V2,42,42,42,0.0,0.0,2.0,9,highest_source_validation_accuracy_earliest_exact_tie,f9a6ffc37625cb2b9ddad655a2301e520b72b624e83f344edbac88261019bdd3,94bcf75dd22fb036d9ed5149215a69420654f1d7699f1686b5c987e7caa77dc2,complete,runs/revision/cross_dataset/vlcs/strong_aug/Caltech101/42/vlcs_Caltech101_resnet50_strong_aug_seed42.json,runs/revision/cross_dataset/vlcs/strong_aug/Caltech101/42/vlcs_Caltech101_resnet50_strong_aug_seed42.pt,1,0,
cross-vlcs-strong_aug-Caltech101-seed123,P0_cross_dataset_confirmation,shiftguard-cross-dataset-v1.1,vlcs,data/VLCS,Caltech101,strong_aug,strong_aug,torchvision:resnet50:IMAGENET1K_V2,123,123,123,0.0,0.0,2.0,9,highest_source_validation_accuracy_earliest_exact_tie,8faec5718c50d19ce9aaea828ec193fa7b9e2cee2fb49550cf468bc8ed98db7b,94bcf75dd22fb036d9ed5149215a69420654f1d7699f1686b5c987e7caa77dc2,complete,runs/revision/cross_dataset/vlcs/strong_aug/Caltech101/123/vlcs_Caltech101_resnet50_strong_aug_seed123.json,runs/revision/cross_dataset/vlcs/strong_aug/Caltech101/123/vlcs_Caltech101_resnet50_strong_aug_seed123.pt,1,0,
cross-vlcs-strong_aug-Caltech101-seed3407,P0_cross_dataset_confirmation,shiftguard-cross-dataset-v1.1,vlcs,data/VLCS,Caltech101,strong_aug,strong_aug,torchvision:resnet50:IMAGENET1K_V2,3407,3407,3407,0.0,0.0,2.0,9,highest_source_validation_accuracy_earliest_exact_tie,9b8bbd985ee59c9566bc172b1096f3de6a4562d0008de44b6c5f95465da2372b,94bcf75dd22fb036d9ed5149215a69420654f1d7699f1686b5c987e7caa77dc2,complete,runs/revision/cross_dataset/vlcs/strong_aug/Caltech101/3407/vlcs_Caltech101_resnet50_strong_aug_seed3407.json,runs/revision/cross_dataset/vlcs/strong_aug/Caltech101/3407/vlcs_Caltech101_resnet50_strong_aug_seed3407.pt,1,0,
cross-vlcs-strong_aug-Caltech101-seed2026,P0_cross_dataset_confirmation,shiftguard-cross-dataset-v1.1,vlcs,data/VLCS,Caltech101,strong_aug,strong_aug,torchvision:resnet50:IMAGENET1K_V2,2026,2026,2026,0.0,0.0,2.0,9,highest_source_validation_accuracy_earliest_exact_tie,e2bff30fcd41c6b33a9b67d523de9e276564262d3101e5dc1c4b980998dd489f,94bcf75dd22fb036d9ed5149215a69420654f1d7699f1686b5c987e7caa77dc2,complete,runs/revision/cross_dataset/vlcs/strong_aug/Caltech101/2026/vlcs_Caltech101_resnet50_strong_aug_seed2026.json,runs/revision/cross_dataset/vlcs/strong_aug/Caltech101/2026/vlcs_Caltech101_resnet50_strong_aug_seed2026.pt,1,0,
cross-vlcs-strong_aug-Caltech101-seed2027,P0_cross_dataset_confirmation,shiftguard-cross-dataset-v1.1,vlcs,data/VLCS,Caltech101,strong_aug,strong_aug,torchvision:resnet50:IMAGENET1K_V2,2027,2027,2027,0.0,0.0,2.0,9,highest_source_validation_accuracy_earliest_exact_tie,b8400ff4a44e8c07e26fc885e81ea46df0ed58a5bf5e716666ffd10f25fdd8f9,94bcf75dd22fb036d9ed5149215a69420654f1d7699f1686b5c987e7caa77dc2,complete,runs/revision/cross_dataset/vlcs/strong_aug/Caltech101/2027/vlcs_Caltech101_resnet50_strong_aug_seed2027.json,runs/revision/cross_dataset/vlcs/strong_aug/Caltech101/2027/vlcs_Caltech101_resnet50_strong_aug_seed2027.pt,1,0,
cross-vlcs-strong_aug-LabelMe-seed42,P0_cross_dataset_confirmation,shiftguard-cross-dataset-v1.1,vlcs,data/VLCS,LabelMe,strong_aug,strong_aug,torchvision:resnet50:IMAGENET1K_V2,42,42,42,0.0,0.0,2.0,9,highest_source_validation_accuracy_earliest_exact_tie,d29e65350bc08ace0799f6dadfed6b86bdb42756fc1aee2eeb70d5f530778845,94bcf75dd22fb036d9ed5149215a69420654f1d7699f1686b5c987e7caa77dc2,complete,runs/revision/cross_dataset/vlcs/strong_aug/LabelMe/42/vlcs_LabelMe_resnet50_strong_aug_seed42.json,runs/revision/cross_dataset/vlcs/strong_aug/LabelMe/42/vlcs_LabelMe_resnet50_strong_aug_seed42.pt,1,0,
cross-vlcs-strong_aug-LabelMe-seed123,P0_cross_dataset_confirmation,shiftguard-cross-dataset-v1.1,vlcs,data/VLCS,LabelMe,strong_aug,strong_aug,torchvision:resnet50:IMAGENET1K_V2,123,123,123,0.0,0.0,2.0,9,highest_source_validation_accuracy_earliest_exact_tie,cc7ca23c4e403487b6df3b7696587c7171ff97d7cff4af5b7e46c84459ff7448,94bcf75dd22fb036d9ed5149215a69420654f1d7699f1686b5c987e7caa77dc2,complete,runs/revision/cross_dataset/vlcs/strong_aug/LabelMe/123/vlcs_LabelMe_resnet50_strong_aug_seed123.json,runs/revision/cross_dataset/vlcs/strong_aug/LabelMe/123/vlcs_LabelMe_resnet50_strong_aug_seed123.pt,1,0,
cross-vlcs-strong_aug-LabelMe-seed3407,P0_cross_dataset_confirmation,shiftguard-cross-dataset-v1.1,vlcs,data/VLCS,LabelMe,strong_aug,strong_aug,torchvision:resnet50:IMAGENET1K_V2,3407,3407,3407,0.0,0.0,2.0,9,highest_source_validation_accuracy_earliest_exact_tie,5777ee6f93a11525b9606f9736d345a08ed4d7f6c74433117fecfe32e24af37f,94bcf75dd22fb036d9ed5149215a69420654f1d7699f1686b5c987e7caa77dc2,complete,runs/revision/cross_dataset/vlcs/strong_aug/LabelMe/3407/vlcs_LabelMe_resnet50_strong_aug_seed3407.json,runs/revision/cross_dataset/vlcs/strong_aug/LabelMe/3407/vlcs_LabelMe_resnet50_strong_aug_seed3407.pt,1,0,
cross-vlcs-strong_aug-LabelMe-seed2026,P0_cross_dataset_confirmation,shiftguard-cross-dataset-v1.1,vlcs,data/VLCS,LabelMe,strong_aug,strong_aug,torchvision:resnet50:IMAGENET1K_V2,2026,2026,2026,0.0,0.0,2.0,9,highest_source_validation_accuracy_earliest_exact_tie,c4a5fe30a41b12b39e46b8b9445f76489d4686be90a4a7420cb01fb24a830d65,94bcf75dd22fb036d9ed5149215a69420654f1d7699f1686b5c987e7caa77dc2,complete,runs/revision/cross_dataset/vlcs/strong_aug/LabelMe/2026/vlcs_LabelMe_resnet50_strong_aug_seed2026.json,runs/revision/cross_dataset/vlcs/strong_aug/LabelMe/2026/vlcs_LabelMe_resnet50_strong_aug_seed2026.pt,1,0,
cross-vlcs-strong_aug-LabelMe-seed2027,P0_cross_dataset_confirmation,shiftguard-cross-dataset-v1.1,vlcs,data/VLCS,LabelMe,strong_aug,strong_aug,torchvision:resnet50:IMAGENET1K_V2,2027,2027,2027,0.0,0.0,2.0,9,highest_source_validation_accuracy_earliest_exact_tie,f24740f867229d9be154abbb7d34da93cf4fcdaacd380d0093ec990754619f43,94bcf75dd22fb036d9ed5149215a69420654f1d7699f1686b5c987e7caa77dc2,complete,runs/revision/cross_dataset/vlcs/strong_aug/LabelMe/2027/vlcs_LabelMe_resnet50_strong_aug_seed2027.json,runs/revision/cross_dataset/vlcs/strong_aug/LabelMe/2027/vlcs_LabelMe_resnet50_strong_aug_seed2027.pt,1,0,
cross-vlcs-strong_aug-SUN09-seed42,P0_cross_dataset_confirmation,shiftguard-cross-dataset-v1.1,vlcs,data/VLCS,SUN09,strong_aug,strong_aug,torchvision:resnet50:IMAGENET1K_V2,42,42,42,0.0,0.0,2.0,9,highest_source_validation_accuracy_earliest_exact_tie,1d06e0c0407fc1349431f460709ade1ec5c83132d3f154a72df646165edf735d,94bcf75dd22fb036d9ed5149215a69420654f1d7699f1686b5c987e7caa77dc2,complete,runs/revision/cross_dataset/vlcs/strong_aug/SUN09/42/vlcs_SUN09_resnet50_strong_aug_seed42.json,runs/revision/cross_dataset/vlcs/strong_aug/SUN09/42/vlcs_SUN09_resnet50_strong_aug_seed42.pt,1,0,
cross-vlcs-strong_aug-SUN09-seed123,P0_cross_dataset_confirmation,shiftguard-cross-dataset-v1.1,vlcs,data/VLCS,SUN09,strong_aug,strong_aug,torchvision:resnet50:IMAGENET1K_V2,123,123,123,0.0,0.0,2.0,9,highest_source_validation_accuracy_earliest_exact_tie,dcea8bd76e882b9041bdaabb727713ee91104c4cf726135ae390fd0a2d8aa437,94bcf75dd22fb036d9ed5149215a69420654f1d7699f1686b5c987e7caa77dc2,complete,runs/revision/cross_dataset/vlcs/strong_aug/SUN09/123/vlcs_SUN09_resnet50_strong_aug_seed123.json,runs/revision/cross_dataset/vlcs/strong_aug/SUN09/123/vlcs_SUN09_resnet50_strong_aug_seed123.pt,1,0,scheduler_concurrency_increase_before_completion
cross-vlcs-strong_aug-SUN09-seed3407,P0_cross_dataset_confirmation,shiftguard-cross-dataset-v1.1,vlcs,data/VLCS,SUN09,strong_aug,strong_aug,torchvision:resnet50:IMAGENET1K_V2,3407,3407,3407,0.0,0.0,2.0,9,highest_source_validation_accuracy_earliest_exact_tie,cd27534d8b4a5bf7b0eefd5d646ef0f731f74be3c74071f3b1540a2c1620d521,94bcf75dd22fb036d9ed5149215a69420654f1d7699f1686b5c987e7caa77dc2,complete,runs/revision/cross_dataset/vlcs/strong_aug/SUN09/3407/vlcs_SUN09_resnet50_strong_aug_seed3407.json,runs/revision/cross_dataset/vlcs/strong_aug/SUN09/3407/vlcs_SUN09_resnet50_strong_aug_seed3407.pt,1,0,
cross-vlcs-strong_aug-SUN09-seed2026,P0_cross_dataset_confirmation,shiftguard-cross-dataset-v1.1,vlcs,data/VLCS,SUN09,strong_aug,strong_aug,torchvision:resnet50:IMAGENET1K_V2,2026,2026,2026,0.0,0.0,2.0,9,highest_source_validation_accuracy_earliest_exact_tie,0ebc16702a3fbacdb071c375c4534a50a3dcda154e315198b2ae270ca26e3135,94bcf75dd22fb036d9ed5149215a69420654f1d7699f1686b5c987e7caa77dc2,complete,runs/revision/cross_dataset/vlcs/strong_aug/SUN09/2026/vlcs_SUN09_resnet50_strong_aug_seed2026.json,runs/revision/cross_dataset/vlcs/strong_aug/SUN09/2026/vlcs_SUN09_resnet50_strong_aug_seed2026.pt,1,0,
cross-vlcs-strong_aug-SUN09-seed2027,P0_cross_dataset_confirmation,shiftguard-cross-dataset-v1.1,vlcs,data/VLCS,SUN09,strong_aug,strong_aug,torchvision:resnet50:IMAGENET1K_V2,2027,2027,2027,0.0,0.0,2.0,9,highest_source_validation_accuracy_earliest_exact_tie,3e744f5020c0f594dc09687c27ac063199d8b64d93d2c8a180269ed39062031e,94bcf75dd22fb036d9ed5149215a69420654f1d7699f1686b5c987e7caa77dc2,complete,runs/revision/cross_dataset/vlcs/strong_aug/SUN09/2027/vlcs_SUN09_resnet50_strong_aug_seed2027.json,runs/revision/cross_dataset/vlcs/strong_aug/SUN09/2027/vlcs_SUN09_resnet50_strong_aug_seed2027.pt,1,0,
cross-vlcs-strong_aug-VOC2007-seed42,P0_cross_dataset_confirmation,shiftguard-cross-dataset-v1.1,vlcs,data/VLCS,VOC2007,strong_aug,strong_aug,torchvision:resnet50:IMAGENET1K_V2,42,42,42,0.0,0.0,2.0,9,highest_source_validation_accuracy_earliest_exact_tie,26c9b00799b891d0c9bd0773108362ebf724445614e52998c538d8bc89e42066,94bcf75dd22fb036d9ed5149215a69420654f1d7699f1686b5c987e7caa77dc2,complete,runs/revision/cross_dataset/vlcs/strong_aug/VOC2007/42/vlcs_VOC2007_resnet50_strong_aug_seed42.json,runs/revision/cross_dataset/vlcs/strong_aug/VOC2007/42/vlcs_VOC2007_resnet50_strong_aug_seed42.pt,1,0,
cross-vlcs-strong_aug-VOC2007-seed123,P0_cross_dataset_confirmation,shiftguard-cross-dataset-v1.1,vlcs,data/VLCS,VOC2007,strong_aug,strong_aug,torchvision:resnet50:IMAGENET1K_V2,123,123,123,0.0,0.0,2.0,9,highest_source_validation_accuracy_earliest_exact_tie,84a48a989500e460c958b5e3b518c0089a7366a9f1535a87d1782269a3022309,94bcf75dd22fb036d9ed5149215a69420654f1d7699f1686b5c987e7caa77dc2,complete,runs/revision/cross_dataset/vlcs/strong_aug/VOC2007/123/vlcs_VOC2007_resnet50_strong_aug_seed123.json,runs/revision/cross_dataset/vlcs/strong_aug/VOC2007/123/vlcs_VOC2007_resnet50_strong_aug_seed123.pt,1,0,
cross-vlcs-strong_aug-VOC2007-seed3407,P0_cross_dataset_confirmation,shiftguard-cross-dataset-v1.1,vlcs,data/VLCS,VOC2007,strong_aug,strong_aug,torchvision:resnet50:IMAGENET1K_V2,3407,3407,3407,0.0,0.0,2.0,9,highest_source_validation_accuracy_earliest_exact_tie,3fc6dafeed09826f78b016135130b15f397276592c16330c75f4f91f05d03276,94bcf75dd22fb036d9ed5149215a69420654f1d7699f1686b5c987e7caa77dc2,complete,runs/revision/cross_dataset/vlcs/strong_aug/VOC2007/3407/vlcs_VOC2007_resnet50_strong_aug_seed3407.json,runs/revision/cross_dataset/vlcs/strong_aug/VOC2007/3407/vlcs_VOC2007_resnet50_strong_aug_seed3407.pt,1,0,
cross-vlcs-strong_aug-VOC2007-seed2026,P0_cross_dataset_confirmation,shiftguard-cross-dataset-v1.1,vlcs,data/VLCS,VOC2007,strong_aug,strong_aug,torchvision:resnet50:IMAGENET1K_V2,2026,2026,2026,0.0,0.0,2.0,9,highest_source_validation_accuracy_earliest_exact_tie,fc518d73f00c365a154302e21d5e909f1beba20615be7c990ac961d5352adbe1,94bcf75dd22fb036d9ed5149215a69420654f1d7699f1686b5c987e7caa77dc2,complete,runs/revision/cross_dataset/vlcs/strong_aug/VOC2007/2026/vlcs_VOC2007_resnet50_strong_aug_seed2026.json,runs/revision/cross_dataset/vlcs/strong_aug/VOC2007/2026/vlcs_VOC2007_resnet50_strong_aug_seed2026.pt,1,0,
cross-vlcs-strong_aug-VOC2007-seed2027,P0_cross_dataset_confirmation,shiftguard-cross-dataset-v1.1,vlcs,data/VLCS,VOC2007,strong_aug,strong_aug,torchvision:resnet50:IMAGENET1K_V2,2027,2027,2027,0.0,0.0,2.0,9,highest_source_validation_accuracy_earliest_exact_tie,0f52fb1e3b6bf8e4eb01c7b3d2130ff3b4eef68385a886dd147d593ca865cca3,94bcf75dd22fb036d9ed5149215a69420654f1d7699f1686b5c987e7caa77dc2,complete,runs/revision/cross_dataset/vlcs/strong_aug/VOC2007/2027/vlcs_VOC2007_resnet50_strong_aug_seed2027.json,runs/revision/cross_dataset/vlcs/strong_aug/VOC2007/2027/vlcs_VOC2007_resnet50_strong_aug_seed2027.pt,1,0,
cross-vlcs-feature_plus_kl-Caltech101-seed42,P0_cross_dataset_confirmation,shiftguard-cross-dataset-v1.1,vlcs,data/VLCS,Caltech101,feature_plus_kl,feature_plus_kl,torchvision:resnet50:IMAGENET1K_V2,42,42,42,0.1,0.05,2.0,9,highest_source_validation_accuracy_earliest_exact_tie,a80a697dabf8499bed53705238d0ba322046954be7c9006c21a040c7954251bb,94bcf75dd22fb036d9ed5149215a69420654f1d7699f1686b5c987e7caa77dc2,complete,runs/revision/cross_dataset/vlcs/feature_plus_kl/Caltech101/42/vlcs_Caltech101_resnet50_feature_plus_kl_seed42.json,runs/revision/cross_dataset/vlcs/feature_plus_kl/Caltech101/42/vlcs_Caltech101_resnet50_feature_plus_kl_seed42.pt,1,0,
cross-vlcs-feature_plus_kl-Caltech101-seed123,P0_cross_dataset_confirmation,shiftguard-cross-dataset-v1.1,vlcs,data/VLCS,Caltech101,feature_plus_kl,feature_plus_kl,torchvision:resnet50:IMAGENET1K_V2,123,123,123,0.1,0.05,2.0,9,highest_source_validation_accuracy_earliest_exact_tie,6b2d2c67ca8d4d85978da42f4f46f153caab3db6f4bd339ed139a529631f652b,94bcf75dd22fb036d9ed5149215a69420654f1d7699f1686b5c987e7caa77dc2,complete,runs/revision/cross_dataset/vlcs/feature_plus_kl/Caltech101/123/vlcs_Caltech101_resnet50_feature_plus_kl_seed123.json,runs/revision/cross_dataset/vlcs/feature_plus_kl/Caltech101/123/vlcs_Caltech101_resnet50_feature_plus_kl_seed123.pt,1,0,
cross-vlcs-feature_plus_kl-Caltech101-seed3407,P0_cross_dataset_confirmation,shiftguard-cross-dataset-v1.1,vlcs,data/VLCS,Caltech101,feature_plus_kl,feature_plus_kl,torchvision:resnet50:IMAGENET1K_V2,3407,3407,3407,0.1,0.05,2.0,9,highest_source_validation_accuracy_earliest_exact_tie,dabfabea5216b878862cd566c35c6ffa782b482df663a527b35b911427407b75,94bcf75dd22fb036d9ed5149215a69420654f1d7699f1686b5c987e7caa77dc2,complete,runs/revision/cross_dataset/vlcs/feature_plus_kl/Caltech101/3407/vlcs_Caltech101_resnet50_feature_plus_kl_seed3407.json,runs/revision/cross_dataset/vlcs/feature_plus_kl/Caltech101/3407/vlcs_Caltech101_resnet50_feature_plus_kl_seed3407.pt,1,0,
cross-vlcs-feature_plus_kl-Caltech101-seed2026,P0_cross_dataset_confirmation,shiftguard-cross-dataset-v1.1,vlcs,data/VLCS,Caltech101,feature_plus_kl,feature_plus_kl,torchvision:resnet50:IMAGENET1K_V2,2026,2026,2026,0.1,0.05,2.0,9,highest_source_validation_accuracy_earliest_exact_tie,4e61361773c23f537cc5ad3ebb86334c3493c06bdced7515f669325f3e7c556c,94bcf75dd22fb036d9ed5149215a69420654f1d7699f1686b5c987e7caa77dc2,complete,runs/revision/cross_dataset/vlcs/feature_plus_kl/Caltech101/2026/vlcs_Caltech101_resnet50_feature_plus_kl_seed2026.json,runs/revision/cross_dataset/vlcs/feature_plus_kl/Caltech101/2026/vlcs_Caltech101_resnet50_feature_plus_kl_seed2026.pt,1,0,
cross-vlcs-feature_plus_kl-Caltech101-seed2027,P0_cross_dataset_confirmation,shiftguard-cross-dataset-v1.1,vlcs,data/VLCS,Caltech101,feature_plus_kl,feature_plus_kl,torchvision:resnet50:IMAGENET1K_V2,2027,2027,2027,0.1,0.05,2.0,9,highest_source_validation_accuracy_earliest_exact_tie,4704b9f11625d16bb43d7fab895a77b457b0e2b87a492e87035b7f93a45fd842,94bcf75dd22fb036d9ed5149215a69420654f1d7699f1686b5c987e7caa77dc2,complete,runs/revision/cross_dataset/vlcs/feature_plus_kl/Caltech101/2027/vlcs_Caltech101_resnet50_feature_plus_kl_seed2027.json,runs/revision/cross_dataset/vlcs/feature_plus_kl/Caltech101/2027/vlcs_Caltech101_resnet50_feature_plus_kl_seed2027.pt,1,0,
cross-vlcs-feature_plus_kl-LabelMe-seed42,P0_cross_dataset_confirmation,shiftguard-cross-dataset-v1.1,vlcs,data/VLCS,LabelMe,feature_plus_kl,feature_plus_kl,torchvision:resnet50:IMAGENET1K_V2,42,42,42,0.1,0.05,2.0,9,highest_source_validation_accuracy_earliest_exact_tie,bb04064a145646be4592bf20baaf5e52d4f7d1bf66d3566c5d3e3d6d4ca4341c,94bcf75dd22fb036d9ed5149215a69420654f1d7699f1686b5c987e7caa77dc2,complete,runs/revision/cross_dataset/vlcs/feature_plus_kl/LabelMe/42/vlcs_LabelMe_resnet50_feature_plus_kl_seed42.json,runs/revision/cross_dataset/vlcs/feature_plus_kl/LabelMe/42/vlcs_LabelMe_resnet50_feature_plus_kl_seed42.pt,1,0,
cross-vlcs-feature_plus_kl-LabelMe-seed123,P0_cross_dataset_confirmation,shiftguard-cross-dataset-v1.1,vlcs,data/VLCS,LabelMe,feature_plus_kl,feature_plus_kl,torchvision:resnet50:IMAGENET1K_V2,123,123,123,0.1,0.05,2.0,9,highest_source_validation_accuracy_earliest_exact_tie,9061ef6c9638733b48869018729d5f7d1493eccccda848c42501ee56701e7477,94bcf75dd22fb036d9ed5149215a69420654f1d7699f1686b5c987e7caa77dc2,complete,runs/revision/cross_dataset/vlcs/feature_plus_kl/LabelMe/123/vlcs_LabelMe_resnet50_feature_plus_kl_seed123.json,runs/revision/cross_dataset/vlcs/feature_plus_kl/LabelMe/123/vlcs_LabelMe_resnet50_feature_plus_kl_seed123.pt,1,0,
cross-vlcs-feature_plus_kl-LabelMe-seed3407,P0_cross_dataset_confirmation,shiftguard-cross-dataset-v1.1,vlcs,data/VLCS,LabelMe,feature_plus_kl,feature_plus_kl,torchvision:resnet50:IMAGENET1K_V2,3407,3407,3407,0.1,0.05,2.0,9,highest_source_validation_accuracy_earliest_exact_tie,debded125223091f7e2210c6c47ce2dba8dd622858c6ef869b678475e984f360,94bcf75dd22fb036d9ed5149215a69420654f1d7699f1686b5c987e7caa77dc2,complete,runs/revision/cross_dataset/vlcs/feature_plus_kl/LabelMe/3407/vlcs_LabelMe_resnet50_feature_plus_kl_seed3407.json,runs/revision/cross_dataset/vlcs/feature_plus_kl/LabelMe/3407/vlcs_LabelMe_resnet50_feature_plus_kl_seed3407.pt,1,0,
cross-vlcs-feature_plus_kl-LabelMe-seed2026,P0_cross_dataset_confirmation,shiftguard-cross-dataset-v1.1,vlcs,data/VLCS,LabelMe,feature_plus_kl,feature_plus_kl,torchvision:resnet50:IMAGENET1K_V2,2026,2026,2026,0.1,0.05,2.0,9,highest_source_validation_accuracy_earliest_exact_tie,b6cda37643d00119cf93e85bed7a2f557ebbb1d9629c14dd4f9d8aac01795eeb,94bcf75dd22fb036d9ed5149215a69420654f1d7699f1686b5c987e7caa77dc2,complete,runs/revision/cross_dataset/vlcs/feature_plus_kl/LabelMe/2026/vlcs_LabelMe_resnet50_feature_plus_kl_seed2026.json,runs/revision/cross_dataset/vlcs/feature_plus_kl/LabelMe/2026/vlcs_LabelMe_resnet50_feature_plus_kl_seed2026.pt,1,0,
cross-vlcs-feature_plus_kl-LabelMe-seed2027,P0_cross_dataset_confirmation,shiftguard-cross-dataset-v1.1,vlcs,data/VLCS,LabelMe,feature_plus_kl,feature_plus_kl,torchvision:resnet50:IMAGENET1K_V2,2027,2027,2027,0.1,0.05,2.0,9,highest_source_validation_accuracy_earliest_exact_tie,b997ef8113184c2708b2e64330ed6120e6f71b1d54041790600c351d5ea86472,94bcf75dd22fb036d9ed5149215a69420654f1d7699f1686b5c987e7caa77dc2,complete,runs/revision/cross_dataset/vlcs/feature_plus_kl/LabelMe/2027/vlcs_LabelMe_resnet50_feature_plus_kl_seed2027.json,runs/revision/cross_dataset/vlcs/feature_plus_kl/LabelMe/2027/vlcs_LabelMe_resnet50_feature_plus_kl_seed2027.pt,1,0,
cross-vlcs-feature_plus_kl-SUN09-seed42,P0_cross_dataset_confirmation,shiftguard-cross-dataset-v1.1,vlcs,data/VLCS,SUN09,feature_plus_kl,feature_plus_kl,torchvision:resnet50:IMAGENET1K_V2,42,42,42,0.1,0.05,2.0,9,highest_source_validation_accuracy_earliest_exact_tie,61c0a3d4c7f71f291ec95eb4dcaeaf1d4e08f5f5689164cda13fcf31e5d98268,94bcf75dd22fb036d9ed5149215a69420654f1d7699f1686b5c987e7caa77dc2,complete,runs/revision/cross_dataset/vlcs/feature_plus_kl/SUN09/42/vlcs_SUN09_resnet50_feature_plus_kl_seed42.json,runs/revision/cross_dataset/vlcs/feature_plus_kl/SUN09/42/vlcs_SUN09_resnet50_feature_plus_kl_seed42.pt,1,0,
cross-vlcs-feature_plus_kl-SUN09-seed123,P0_cross_dataset_confirmation,shiftguard-cross-dataset-v1.1,vlcs,data/VLCS,SUN09,feature_plus_kl,feature_plus_kl,torchvision:resnet50:IMAGENET1K_V2,123,123,123,0.1,0.05,2.0,9,highest_source_validation_accuracy_earliest_exact_tie,ac61de750dce0553f97ea6cd2f92851ca5b059b137292e927de1e13fa27ef9c9,94bcf75dd22fb036d9ed5149215a69420654f1d7699f1686b5c987e7caa77dc2,complete,runs/revision/cross_dataset/vlcs/feature_plus_kl/SUN09/123/vlcs_SUN09_resnet50_feature_plus_kl_seed123.json,runs/revision/cross_dataset/vlcs/feature_plus_kl/SUN09/123/vlcs_SUN09_resnet50_feature_plus_kl_seed123.pt,1,0,
cross-vlcs-feature_plus_kl-SUN09-seed3407,P0_cross_dataset_confirmation,shiftguard-cross-dataset-v1.1,vlcs,data/VLCS,SUN09,feature_plus_kl,feature_plus_kl,torchvision:resnet50:IMAGENET1K_V2,3407,3407,3407,0.1,0.05,2.0,9,highest_source_validation_accuracy_earliest_exact_tie,09df57b2ba8bf67a9cf349a1470f6c157cd30f33cbf767f60dc96d27b6d85b5f,94bcf75dd22fb036d9ed5149215a69420654f1d7699f1686b5c987e7caa77dc2,complete,runs/revision/cross_dataset/vlcs/feature_plus_kl/SUN09/3407/vlcs_SUN09_resnet50_feature_plus_kl_seed3407.json,runs/revision/cross_dataset/vlcs/feature_plus_kl/SUN09/3407/vlcs_SUN09_resnet50_feature_plus_kl_seed3407.pt,1,0,
cross-vlcs-feature_plus_kl-SUN09-seed2026,P0_cross_dataset_confirmation,shiftguard-cross-dataset-v1.1,vlcs,data/VLCS,SUN09,feature_plus_kl,feature_plus_kl,torchvision:resnet50:IMAGENET1K_V2,2026,2026,2026,0.1,0.05,2.0,9,highest_source_validation_accuracy_earliest_exact_tie,2e3ea5bf46f5810f963157935add5b2e0dfa37e2edcf569e244e0302a289d110,94bcf75dd22fb036d9ed5149215a69420654f1d7699f1686b5c987e7caa77dc2,complete,runs/revision/cross_dataset/vlcs/feature_plus_kl/SUN09/2026/vlcs_SUN09_resnet50_feature_plus_kl_seed2026.json,runs/revision/cross_dataset/vlcs/feature_plus_kl/SUN09/2026/vlcs_SUN09_resnet50_feature_plus_kl_seed2026.pt,1,0,
cross-vlcs-feature_plus_kl-SUN09-seed2027,P0_cross_dataset_confirmation,shiftguard-cross-dataset-v1.1,vlcs,data/VLCS,SUN09,feature_plus_kl,feature_plus_kl,torchvision:resnet50:IMAGENET1K_V2,2027,2027,2027,0.1,0.05,2.0,9,highest_source_validation_accuracy_earliest_exact_tie,b305918db477cf90ae4a6f600ce2bc53ca457e2a9faf763c05bd77a1709036b3,94bcf75dd22fb036d9ed5149215a69420654f1d7699f1686b5c987e7caa77dc2,complete,runs/revision/cross_dataset/vlcs/feature_plus_kl/SUN09/2027/vlcs_SUN09_resnet50_feature_plus_kl_seed2027.json,runs/revision/cross_dataset/vlcs/feature_plus_kl/SUN09/2027/vlcs_SUN09_resnet50_feature_plus_kl_seed2027.pt,1,0,
cross-vlcs-feature_plus_kl-VOC2007-seed42,P0_cross_dataset_confirmation,shiftguard-cross-dataset-v1.1,vlcs,data/VLCS,VOC2007,feature_plus_kl,feature_plus_kl,torchvision:resnet50:IMAGENET1K_V2,42,42,42,0.1,0.05,2.0,9,highest_source_validation_accuracy_earliest_exact_tie,4559ff38c718beee3f1eff1ddc37e61a16bc32a1318855321abea8ea6b227221,94bcf75dd22fb036d9ed5149215a69420654f1d7699f1686b5c987e7caa77dc2,complete,runs/revision/cross_dataset/vlcs/feature_plus_kl/VOC2007/42/vlcs_VOC2007_resnet50_feature_plus_kl_seed42.json,runs/revision/cross_dataset/vlcs/feature_plus_kl/VOC2007/42/vlcs_VOC2007_resnet50_feature_plus_kl_seed42.pt,1,0,
cross-vlcs-feature_plus_kl-VOC2007-seed123,P0_cross_dataset_confirmation,shiftguard-cross-dataset-v1.1,vlcs,data/VLCS,VOC2007,feature_plus_kl,feature_plus_kl,torchvision:resnet50:IMAGENET1K_V2,123,123,123,0.1,0.05,2.0,9,highest_source_validation_accuracy_earliest_exact_tie,6b13c7f09d6625aebb331682b48d463d58f1c913a2a1c265fa528d0becf41e8b,94bcf75dd22fb036d9ed5149215a69420654f1d7699f1686b5c987e7caa77dc2,complete,runs/revision/cross_dataset/vlcs/feature_plus_kl/VOC2007/123/vlcs_VOC2007_resnet50_feature_plus_kl_seed123.json,runs/revision/cross_dataset/vlcs/feature_plus_kl/VOC2007/123/vlcs_VOC2007_resnet50_feature_plus_kl_seed123.pt,1,0,
cross-vlcs-feature_plus_kl-VOC2007-seed3407,P0_cross_dataset_confirmation,shiftguard-cross-dataset-v1.1,vlcs,data/VLCS,VOC2007,feature_plus_kl,feature_plus_kl,torchvision:resnet50:IMAGENET1K_V2,3407,3407,3407,0.1,0.05,2.0,9,highest_source_validation_accuracy_earliest_exact_tie,3dc21046a364ce477f1a1435a7dddf29d431a9ff087ba7478c12eedde19d9ddd,94bcf75dd22fb036d9ed5149215a69420654f1d7699f1686b5c987e7caa77dc2,complete,runs/revision/cross_dataset/vlcs/feature_plus_kl/VOC2007/3407/vlcs_VOC2007_resnet50_feature_plus_kl_seed3407.json,runs/revision/cross_dataset/vlcs/feature_plus_kl/VOC2007/3407/vlcs_VOC2007_resnet50_feature_plus_kl_seed3407.pt,1,0,
cross-vlcs-feature_plus_kl-VOC2007-seed2026,P0_cross_dataset_confirmation,shiftguard-cross-dataset-v1.1,vlcs,data/VLCS,VOC2007,feature_plus_kl,feature_plus_kl,torchvision:resnet50:IMAGENET1K_V2,2026,2026,2026,0.1,0.05,2.0,9,highest_source_validation_accuracy_earliest_exact_tie,e880b80b13a95cbf5887f18c64f056db5b576694644069cf5446cfc034297f35,94bcf75dd22fb036d9ed5149215a69420654f1d7699f1686b5c987e7caa77dc2,complete,runs/revision/cross_dataset/vlcs/feature_plus_kl/VOC2007/2026/vlcs_VOC2007_resnet50_feature_plus_kl_seed2026.json,runs/revision/cross_dataset/vlcs/feature_plus_kl/VOC2007/2026/vlcs_VOC2007_resnet50_feature_plus_kl_seed2026.pt,1,0,
cross-vlcs-feature_plus_kl-VOC2007-seed2027,P0_cross_dataset_confirmation,shiftguard-cross-dataset-v1.1,vlcs,data/VLCS,VOC2007,feature_plus_kl,feature_plus_kl,torchvision:resnet50:IMAGENET1K_V2,2027,2027,2027,0.1,0.05,2.0,9,highest_source_validation_accuracy_earliest_exact_tie,0c1922daa3b0b44bd0925ff51c15de7a1ace7b72ee7c532497b9020ded873fde,94bcf75dd22fb036d9ed5149215a69420654f1d7699f1686b5c987e7caa77dc2,complete,runs/revision/cross_dataset/vlcs/feature_plus_kl/VOC2007/2027/vlcs_VOC2007_resnet50_feature_plus_kl_seed2027.json,runs/revision/cross_dataset/vlcs/feature_plus_kl/VOC2007/2027/vlcs_VOC2007_resnet50_feature_plus_kl_seed2027.pt,1,0,
cross-officehome-erm-Art-seed42,P0_cross_dataset_confirmation,shiftguard-cross-dataset-v1.1,officehome,data/OfficeHome,Art,erm,erm,torchvision:resnet50:IMAGENET1K_V2,42,42,42,0.0,0.0,2.0,9,highest_source_validation_accuracy_earliest_exact_tie,90503e2645b32c71a279729e735fb38449ad78d4b17ff937b6a092363f12bac6,7b2a609b34d0d852448433de24b7bb6a3fd02a1296a9ef45202b5456ae962172,complete,runs/revision/cross_dataset/officehome/erm/Art/42/officehome_Art_resnet50_erm_seed42.json,runs/revision/cross_dataset/officehome/erm/Art/42/officehome_Art_resnet50_erm_seed42.pt,2,0,
cross-officehome-erm-Art-seed123,P0_cross_dataset_confirmation,shiftguard-cross-dataset-v1.1,officehome,data/OfficeHome,Art,erm,erm,torchvision:resnet50:IMAGENET1K_V2,123,123,123,0.0,0.0,2.0,9,highest_source_validation_accuracy_earliest_exact_tie,e03179f26b06d8e7f49a4dabc26390a8b51aa1b873f5aa41c189ab9cced2a77f,7b2a609b34d0d852448433de24b7bb6a3fd02a1296a9ef45202b5456ae962172,complete,runs/revision/cross_dataset/officehome/erm/Art/123/officehome_Art_resnet50_erm_seed123.json,runs/revision/cross_dataset/officehome/erm/Art/123/officehome_Art_resnet50_erm_seed123.pt,2,0,
cross-officehome-erm-Art-seed3407,P0_cross_dataset_confirmation,shiftguard-cross-dataset-v1.1,officehome,data/OfficeHome,Art,erm,erm,torchvision:resnet50:IMAGENET1K_V2,3407,3407,3407,0.0,0.0,2.0,9,highest_source_validation_accuracy_earliest_exact_tie,e7876a411ed70c7b9ce6bb7ffae47046529b623fc20644fada69dc03d0328a87,7b2a609b34d0d852448433de24b7bb6a3fd02a1296a9ef45202b5456ae962172,complete,runs/revision/cross_dataset/officehome/erm/Art/3407/officehome_Art_resnet50_erm_seed3407.json,runs/revision/cross_dataset/officehome/erm/Art/3407/officehome_Art_resnet50_erm_seed3407.pt,2,0,
cross-officehome-erm-Art-seed2026,P0_cross_dataset_confirmation,shiftguard-cross-dataset-v1.1,officehome,data/OfficeHome,Art,erm,erm,torchvision:resnet50:IMAGENET1K_V2,2026,2026,2026,0.0,0.0,2.0,9,highest_source_validation_accuracy_earliest_exact_tie,b2adbdf96e79d1d387c5c36507b8e6923b3e23b7704300e3bc456055bf7e718d,7b2a609b34d0d852448433de24b7bb6a3fd02a1296a9ef45202b5456ae962172,complete,runs/revision/cross_dataset/officehome/erm/Art/2026/officehome_Art_resnet50_erm_seed2026.json,runs/revision/cross_dataset/officehome/erm/Art/2026/officehome_Art_resnet50_erm_seed2026.pt,2,0,
cross-officehome-erm-Art-seed2027,P0_cross_dataset_confirmation,shiftguard-cross-dataset-v1.1,officehome,data/OfficeHome,Art,erm,erm,torchvision:resnet50:IMAGENET1K_V2,2027,2027,2027,0.0,0.0,2.0,9,highest_source_validation_accuracy_earliest_exact_tie,edf7d7e83ec680baeaf81728a2a6617e13b5283af24e3948c6a75377c8bd8128,7b2a609b34d0d852448433de24b7bb6a3fd02a1296a9ef45202b5456ae962172,complete,runs/revision/cross_dataset/officehome/erm/Art/2027/officehome_Art_resnet50_erm_seed2027.json,runs/revision/cross_dataset/officehome/erm/Art/2027/officehome_Art_resnet50_erm_seed2027.pt,2,0,
cross-officehome-erm-Clipart-seed42,P0_cross_dataset_confirmation,shiftguard-cross-dataset-v1.1,officehome,data/OfficeHome,Clipart,erm,erm,torchvision:resnet50:IMAGENET1K_V2,42,42,42,0.0,0.0,2.0,9,highest_source_validation_accuracy_earliest_exact_tie,a0800d0d96e368ef36dfd205f590d17507ec1c3639fd8b2f97e00b655f3d2fd2,7b2a609b34d0d852448433de24b7bb6a3fd02a1296a9ef45202b5456ae962172,complete,runs/revision/cross_dataset/officehome/erm/Clipart/42/officehome_Clipart_resnet50_erm_seed42.json,runs/revision/cross_dataset/officehome/erm/Clipart/42/officehome_Clipart_resnet50_erm_seed42.pt,2,0,
cross-officehome-erm-Clipart-seed123,P0_cross_dataset_confirmation,shiftguard-cross-dataset-v1.1,officehome,data/OfficeHome,Clipart,erm,erm,torchvision:resnet50:IMAGENET1K_V2,123,123,123,0.0,0.0,2.0,9,highest_source_validation_accuracy_earliest_exact_tie,1a9bf5ffbbbf5e9c707647785b1af238b272704ba9c7c0081c24145aef6f9877,7b2a609b34d0d852448433de24b7bb6a3fd02a1296a9ef45202b5456ae962172,complete,runs/revision/cross_dataset/officehome/erm/Clipart/123/officehome_Clipart_resnet50_erm_seed123.json,runs/revision/cross_dataset/officehome/erm/Clipart/123/officehome_Clipart_resnet50_erm_seed123.pt,2,0,
cross-officehome-erm-Clipart-seed3407,P0_cross_dataset_confirmation,shiftguard-cross-dataset-v1.1,officehome,data/OfficeHome,Clipart,erm,erm,torchvision:resnet50:IMAGENET1K_V2,3407,3407,3407,0.0,0.0,2.0,9,highest_source_validation_accuracy_earliest_exact_tie,e9cd5327228318119af41531fcee474bcfd0977dea84e987779ef6e1334ccbdb,7b2a609b34d0d852448433de24b7bb6a3fd02a1296a9ef45202b5456ae962172,complete,runs/revision/cross_dataset/officehome/erm/Clipart/3407/officehome_Clipart_resnet50_erm_seed3407.json,runs/revision/cross_dataset/officehome/erm/Clipart/3407/officehome_Clipart_resnet50_erm_seed3407.pt,2,0,
cross-officehome-erm-Clipart-seed2026,P0_cross_dataset_confirmation,shiftguard-cross-dataset-v1.1,officehome,data/OfficeHome,Clipart,erm,erm,torchvision:resnet50:IMAGENET1K_V2,2026,2026,2026,0.0,0.0,2.0,9,highest_source_validation_accuracy_earliest_exact_tie,ad368a1d593b73834b334ba38dbf800c69a5ddbeaf3817ff5e1481e3ed21e10f,7b2a609b34d0d852448433de24b7bb6a3fd02a1296a9ef45202b5456ae962172,complete,runs/revision/cross_dataset/officehome/erm/Clipart/2026/officehome_Clipart_resnet50_erm_seed2026.json,runs/revision/cross_dataset/officehome/erm/Clipart/2026/officehome_Clipart_resnet50_erm_seed2026.pt,2,0,
cross-officehome-erm-Clipart-seed2027,P0_cross_dataset_confirmation,shiftguard-cross-dataset-v1.1,officehome,data/OfficeHome,Clipart,erm,erm,torchvision:resnet50:IMAGENET1K_V2,2027,2027,2027,0.0,0.0,2.0,9,highest_source_validation_accuracy_earliest_exact_tie,9d1c2132f2942198482f944b195ea9e08b3a8f6d63875231da7dcdaee6a8a60e,7b2a609b34d0d852448433de24b7bb6a3fd02a1296a9ef45202b5456ae962172,complete,runs/revision/cross_dataset/officehome/erm/Clipart/2027/officehome_Clipart_resnet50_erm_seed2027.json,runs/revision/cross_dataset/officehome/erm/Clipart/2027/officehome_Clipart_resnet50_erm_seed2027.pt,2,0,
cross-officehome-erm-Product-seed42,P0_cross_dataset_confirmation,shiftguard-cross-dataset-v1.1,officehome,data/OfficeHome,Product,erm,erm,torchvision:resnet50:IMAGENET1K_V2,42,42,42,0.0,0.0,2.0,9,highest_source_validation_accuracy_earliest_exact_tie,28aca97b0c1b485ce404bcf977a8539d572f7dc5f236ba057e16f748cfc174e5,7b2a609b34d0d852448433de24b7bb6a3fd02a1296a9ef45202b5456ae962172,complete,runs/revision/cross_dataset/officehome/erm/Product/42/officehome_Product_resnet50_erm_seed42.json,runs/revision/cross_dataset/officehome/erm/Product/42/officehome_Product_resnet50_erm_seed42.pt,2,0,
cross-officehome-erm-Product-seed123,P0_cross_dataset_confirmation,shiftguard-cross-dataset-v1.1,officehome,data/OfficeHome,Product,erm,erm,torchvision:resnet50:IMAGENET1K_V2,123,123,123,0.0,0.0,2.0,9,highest_source_validation_accuracy_earliest_exact_tie,761a62091434ca5df6ab22cbe3182a2c555fed67d7592eb959a53f85b0758225,7b2a609b34d0d852448433de24b7bb6a3fd02a1296a9ef45202b5456ae962172,complete,runs/revision/cross_dataset/officehome/erm/Product/123/officehome_Product_resnet50_erm_seed123.json,runs/revision/cross_dataset/officehome/erm/Product/123/officehome_Product_resnet50_erm_seed123.pt,2,0,
cross-officehome-erm-Product-seed3407,P0_cross_dataset_confirmation,shiftguard-cross-dataset-v1.1,officehome,data/OfficeHome,Product,erm,erm,torchvision:resnet50:IMAGENET1K_V2,3407,3407,3407,0.0,0.0,2.0,9,highest_source_validation_accuracy_earliest_exact_tie,b611aeb3d657d00f54ddbff4503337d9ec07c244fa45496810de82183740f14a,7b2a609b34d0d852448433de24b7bb6a3fd02a1296a9ef45202b5456ae962172,complete,runs/revision/cross_dataset/officehome/erm/Product/3407/officehome_Product_resnet50_erm_seed3407.json,runs/revision/cross_dataset/officehome/erm/Product/3407/officehome_Product_resnet50_erm_seed3407.pt,2,0,
cross-officehome-erm-Product-seed2026,P0_cross_dataset_confirmation,shiftguard-cross-dataset-v1.1,officehome,data/OfficeHome,Product,erm,erm,torchvision:resnet50:IMAGENET1K_V2,2026,2026,2026,0.0,0.0,2.0,9,highest_source_validation_accuracy_earliest_exact_tie,c5f9e5868b753c5b7e0e436f783f0e24f1129aabc14ef95a384787f0fc3459d1,7b2a609b34d0d852448433de24b7bb6a3fd02a1296a9ef45202b5456ae962172,complete,runs/revision/cross_dataset/officehome/erm/Product/2026/officehome_Product_resnet50_erm_seed2026.json,runs/revision/cross_dataset/officehome/erm/Product/2026/officehome_Product_resnet50_erm_seed2026.pt,2,0,
cross-officehome-erm-Product-seed2027,P0_cross_dataset_confirmation,shiftguard-cross-dataset-v1.1,officehome,data/OfficeHome,Product,erm,erm,torchvision:resnet50:IMAGENET1K_V2,2027,2027,2027,0.0,0.0,2.0,9,highest_source_validation_accuracy_earliest_exact_tie,b97cd7941c06f10d60983fc070867e85ffd2d45867d4e677dcbba4d7cf74346a,7b2a609b34d0d852448433de24b7bb6a3fd02a1296a9ef45202b5456ae962172,complete,runs/revision/cross_dataset/officehome/erm/Product/2027/officehome_Product_resnet50_erm_seed2027.json,runs/revision/cross_dataset/officehome/erm/Product/2027/officehome_Product_resnet50_erm_seed2027.pt,2,0,
cross-officehome-erm-Real_World-seed42,P0_cross_dataset_confirmation,shiftguard-cross-dataset-v1.1,officehome,data/OfficeHome,Real_World,erm,erm,torchvision:resnet50:IMAGENET1K_V2,42,42,42,0.0,0.0,2.0,9,highest_source_validation_accuracy_earliest_exact_tie,2dfdea8753fd495fd7f5c5c48207cf567838633166cec09651ab4444cc1a7b6f,7b2a609b34d0d852448433de24b7bb6a3fd02a1296a9ef45202b5456ae962172,complete,runs/revision/cross_dataset/officehome/erm/Real_World/42/officehome_Real_World_resnet50_erm_seed42.json,runs/revision/cross_dataset/officehome/erm/Real_World/42/officehome_Real_World_resnet50_erm_seed42.pt,2,0,
cross-officehome-erm-Real_World-seed123,P0_cross_dataset_confirmation,shiftguard-cross-dataset-v1.1,officehome,data/OfficeHome,Real_World,erm,erm,torchvision:resnet50:IMAGENET1K_V2,123,123,123,0.0,0.0,2.0,9,highest_source_validation_accuracy_earliest_exact_tie,f5f22d0e9e27a89ee8c0acbc4e134b651e3e96385f20450c9ea6ac5ad9e74ee6,7b2a609b34d0d852448433de24b7bb6a3fd02a1296a9ef45202b5456ae962172,complete,runs/revision/cross_dataset/officehome/erm/Real_World/123/officehome_Real_World_resnet50_erm_seed123.json,runs/revision/cross_dataset/officehome/erm/Real_World/123/officehome_Real_World_resnet50_erm_seed123.pt,2,0,
cross-officehome-erm-Real_World-seed3407,P0_cross_dataset_confirmation,shiftguard-cross-dataset-v1.1,officehome,data/OfficeHome,Real_World,erm,erm,torchvision:resnet50:IMAGENET1K_V2,3407,3407,3407,0.0,0.0,2.0,9,highest_source_validation_accuracy_earliest_exact_tie,812d3f7fa192443877126f0ffa1d1f697834671be035560cda535a00d4f20b08,7b2a609b34d0d852448433de24b7bb6a3fd02a1296a9ef45202b5456ae962172,complete,runs/revision/cross_dataset/officehome/erm/Real_World/3407/officehome_Real_World_resnet50_erm_seed3407.json,runs/revision/cross_dataset/officehome/erm/Real_World/3407/officehome_Real_World_resnet50_erm_seed3407.pt,2,0,
cross-officehome-erm-Real_World-seed2026,P0_cross_dataset_confirmation,shiftguard-cross-dataset-v1.1,officehome,data/OfficeHome,Real_World,erm,erm,torchvision:resnet50:IMAGENET1K_V2,2026,2026,2026,0.0,0.0,2.0,9,highest_source_validation_accuracy_earliest_exact_tie,255e98b2b8eda0081a836e1670950fbd39a3c0dce022007233ff07715fc3e7c8,7b2a609b34d0d852448433de24b7bb6a3fd02a1296a9ef45202b5456ae962172,complete,runs/revision/cross_dataset/officehome/erm/Real_World/2026/officehome_Real_World_resnet50_erm_seed2026.json,runs/revision/cross_dataset/officehome/erm/Real_World/2026/officehome_Real_World_resnet50_erm_seed2026.pt,2,0,
cross-officehome-erm-Real_World-seed2027,P0_cross_dataset_confirmation,shiftguard-cross-dataset-v1.1,officehome,data/OfficeHome,Real_World,erm,erm,torchvision:resnet50:IMAGENET1K_V2,2027,2027,2027,0.0,0.0,2.0,9,highest_source_validation_accuracy_earliest_exact_tie,ac37186ea01adae10f368905098da931d0cd89f4cfed941da7abe7cb6c96c9a4,7b2a609b34d0d852448433de24b7bb6a3fd02a1296a9ef45202b5456ae962172,complete,runs/revision/cross_dataset/officehome/erm/Real_World/2027/officehome_Real_World_resnet50_erm_seed2027.json,runs/revision/cross_dataset/officehome/erm/Real_World/2027/officehome_Real_World_resnet50_erm_seed2027.pt,2,0,
cross-officehome-strong_aug-Art-seed42,P0_cross_dataset_confirmation,shiftguard-cross-dataset-v1.1,officehome,data/OfficeHome,Art,strong_aug,strong_aug,torchvision:resnet50:IMAGENET1K_V2,42,42,42,0.0,0.0,2.0,9,highest_source_validation_accuracy_earliest_exact_tie,e027bd45c7b1d6003c15a1cc1e6ce0816dcb155439fffcfd051d2ea5883be083,7b2a609b34d0d852448433de24b7bb6a3fd02a1296a9ef45202b5456ae962172,complete,runs/revision/cross_dataset/officehome/strong_aug/Art/42/officehome_Art_resnet50_strong_aug_seed42.json,runs/revision/cross_dataset/officehome/strong_aug/Art/42/officehome_Art_resnet50_strong_aug_seed42.pt,2,0,
cross-officehome-strong_aug-Art-seed123,P0_cross_dataset_confirmation,shiftguard-cross-dataset-v1.1,officehome,data/OfficeHome,Art,strong_aug,strong_aug,torchvision:resnet50:IMAGENET1K_V2,123,123,123,0.0,0.0,2.0,9,highest_source_validation_accuracy_earliest_exact_tie,fac89782afb0b159b98120fcbc17afe2ceb54fbb9e86456549abf7757b84ac7f,7b2a609b34d0d852448433de24b7bb6a3fd02a1296a9ef45202b5456ae962172,complete,runs/revision/cross_dataset/officehome/strong_aug/Art/123/officehome_Art_resnet50_strong_aug_seed123.json,runs/revision/cross_dataset/officehome/strong_aug/Art/123/officehome_Art_resnet50_strong_aug_seed123.pt,2,0,
cross-officehome-strong_aug-Art-seed3407,P0_cross_dataset_confirmation,shiftguard-cross-dataset-v1.1,officehome,data/OfficeHome,Art,strong_aug,strong_aug,torchvision:resnet50:IMAGENET1K_V2,3407,3407,3407,0.0,0.0,2.0,9,highest_source_validation_accuracy_earliest_exact_tie,f4f7d5a8468d057e75e9580987fdac181929d77915fca322abc3faf45c58e45e,7b2a609b34d0d852448433de24b7bb6a3fd02a1296a9ef45202b5456ae962172,complete,runs/revision/cross_dataset/officehome/strong_aug/Art/3407/officehome_Art_resnet50_strong_aug_seed3407.json,runs/revision/cross_dataset/officehome/strong_aug/Art/3407/officehome_Art_resnet50_strong_aug_seed3407.pt,2,0,
cross-officehome-strong_aug-Art-seed2026,P0_cross_dataset_confirmation,shiftguard-cross-dataset-v1.1,officehome,data/OfficeHome,Art,strong_aug,strong_aug,torchvision:resnet50:IMAGENET1K_V2,2026,2026,2026,0.0,0.0,2.0,9,highest_source_validation_accuracy_earliest_exact_tie,f7fd1490b657e515a9e4f1109bd4d7f0034569c9280bcfcccfb94bc1bb6cc9c7,7b2a609b34d0d852448433de24b7bb6a3fd02a1296a9ef45202b5456ae962172,complete,runs/revision/cross_dataset/officehome/strong_aug/Art/2026/officehome_Art_resnet50_strong_aug_seed2026.json,runs/revision/cross_dataset/officehome/strong_aug/Art/2026/officehome_Art_resnet50_strong_aug_seed2026.pt,2,0,
cross-officehome-strong_aug-Art-seed2027,P0_cross_dataset_confirmation,shiftguard-cross-dataset-v1.1,officehome,data/OfficeHome,Art,strong_aug,strong_aug,torchvision:resnet50:IMAGENET1K_V2,2027,2027,2027,0.0,0.0,2.0,9,highest_source_validation_accuracy_earliest_exact_tie,58e21959dd0187ec585f859ca915c77d3b3dd7d29a21281386b48ab9167a4186,7b2a609b34d0d852448433de24b7bb6a3fd02a1296a9ef45202b5456ae962172,complete,runs/revision/cross_dataset/officehome/strong_aug/Art/2027/officehome_Art_resnet50_strong_aug_seed2027.json,runs/revision/cross_dataset/officehome/strong_aug/Art/2027/officehome_Art_resnet50_strong_aug_seed2027.pt,2,0,
cross-officehome-strong_aug-Clipart-seed42,P0_cross_dataset_confirmation,shiftguard-cross-dataset-v1.1,officehome,data/OfficeHome,Clipart,strong_aug,strong_aug,torchvision:resnet50:IMAGENET1K_V2,42,42,42,0.0,0.0,2.0,9,highest_source_validation_accuracy_earliest_exact_tie,2e5845a7b74721b77e9f6e8fbc6b006b6148cfb2fd1f278903297f03816e97b1,7b2a609b34d0d852448433de24b7bb6a3fd02a1296a9ef45202b5456ae962172,complete,runs/revision/cross_dataset/officehome/strong_aug/Clipart/42/officehome_Clipart_resnet50_strong_aug_seed42.json,runs/revision/cross_dataset/officehome/strong_aug/Clipart/42/officehome_Clipart_resnet50_strong_aug_seed42.pt,2,0,
cross-officehome-strong_aug-Clipart-seed123,P0_cross_dataset_confirmation,shiftguard-cross-dataset-v1.1,officehome,data/OfficeHome,Clipart,strong_aug,strong_aug,torchvision:resnet50:IMAGENET1K_V2,123,123,123,0.0,0.0,2.0,9,highest_source_validation_accuracy_earliest_exact_tie,d076425dcd9d8c2ebf2f795c13ec41da3dee894dc1e3002e146d298020d4ab4b,7b2a609b34d0d852448433de24b7bb6a3fd02a1296a9ef45202b5456ae962172,complete,runs/revision/cross_dataset/officehome/strong_aug/Clipart/123/officehome_Clipart_resnet50_strong_aug_seed123.json,runs/revision/cross_dataset/officehome/strong_aug/Clipart/123/officehome_Clipart_resnet50_strong_aug_seed123.pt,2,0,
cross-officehome-strong_aug-Clipart-seed3407,P0_cross_dataset_confirmation,shiftguard-cross-dataset-v1.1,officehome,data/OfficeHome,Clipart,strong_aug,strong_aug,torchvision:resnet50:IMAGENET1K_V2,3407,3407,3407,0.0,0.0,2.0,9,highest_source_validation_accuracy_earliest_exact_tie,c61b4dd21c35930a91aa3a3ce3999c5f1b804f1fcb2de701042ac00def314b6f,7b2a609b34d0d852448433de24b7bb6a3fd02a1296a9ef45202b5456ae962172,complete,runs/revision/cross_dataset/officehome/strong_aug/Clipart/3407/officehome_Clipart_resnet50_strong_aug_seed3407.json,runs/revision/cross_dataset/officehome/strong_aug/Clipart/3407/officehome_Clipart_resnet50_strong_aug_seed3407.pt,2,0,
cross-officehome-strong_aug-Clipart-seed2026,P0_cross_dataset_confirmation,shiftguard-cross-dataset-v1.1,officehome,data/OfficeHome,Clipart,strong_aug,strong_aug,torchvision:resnet50:IMAGENET1K_V2,2026,2026,2026,0.0,0.0,2.0,9,highest_source_validation_accuracy_earliest_exact_tie,22fc7c1f9a84fd0431ab0150e1985035651801c3c76683be47d814f3f1e7f7ec,7b2a609b34d0d852448433de24b7bb6a3fd02a1296a9ef45202b5456ae962172,complete,runs/revision/cross_dataset/officehome/strong_aug/Clipart/2026/officehome_Clipart_resnet50_strong_aug_seed2026.json,runs/revision/cross_dataset/officehome/strong_aug/Clipart/2026/officehome_Clipart_resnet50_strong_aug_seed2026.pt,2,0,
cross-officehome-strong_aug-Clipart-seed2027,P0_cross_dataset_confirmation,shiftguard-cross-dataset-v1.1,officehome,data/OfficeHome,Clipart,strong_aug,strong_aug,torchvision:resnet50:IMAGENET1K_V2,2027,2027,2027,0.0,0.0,2.0,9,highest_source_validation_accuracy_earliest_exact_tie,2b0dcf7d067f7763695149e788a3e5ccf5a9f9b065c29ab5c421c664addd7b52,7b2a609b34d0d852448433de24b7bb6a3fd02a1296a9ef45202b5456ae962172,complete,runs/revision/cross_dataset/officehome/strong_aug/Clipart/2027/officehome_Clipart_resnet50_strong_aug_seed2027.json,runs/revision/cross_dataset/officehome/strong_aug/Clipart/2027/officehome_Clipart_resnet50_strong_aug_seed2027.pt,2,0,scheduler_concurrency_increase_before_completion
cross-officehome-strong_aug-Product-seed42,P0_cross_dataset_confirmation,shiftguard-cross-dataset-v1.1,officehome,data/OfficeHome,Product,strong_aug,strong_aug,torchvision:resnet50:IMAGENET1K_V2,42,42,42,0.0,0.0,2.0,9,highest_source_validation_accuracy_earliest_exact_tie,25739c835b074d741bbe04573a4b8ebba22e81fc54684b67f78dc85333082fd8,7b2a609b34d0d852448433de24b7bb6a3fd02a1296a9ef45202b5456ae962172,complete,runs/revision/cross_dataset/officehome/strong_aug/Product/42/officehome_Product_resnet50_strong_aug_seed42.json,runs/revision/cross_dataset/officehome/strong_aug/Product/42/officehome_Product_resnet50_strong_aug_seed42.pt,2,0,
cross-officehome-strong_aug-Product-seed123,P0_cross_dataset_confirmation,shiftguard-cross-dataset-v1.1,officehome,data/OfficeHome,Product,strong_aug,strong_aug,torchvision:resnet50:IMAGENET1K_V2,123,123,123,0.0,0.0,2.0,9,highest_source_validation_accuracy_earliest_exact_tie,a44aed6809e5ba81426bf109ea2623d8c4425210d96dda0cc7a4f493318e08d9,7b2a609b34d0d852448433de24b7bb6a3fd02a1296a9ef45202b5456ae962172,complete,runs/revision/cross_dataset/officehome/strong_aug/Product/123/officehome_Product_resnet50_strong_aug_seed123.json,runs/revision/cross_dataset/officehome/strong_aug/Product/123/officehome_Product_resnet50_strong_aug_seed123.pt,2,0,
cross-officehome-strong_aug-Product-seed3407,P0_cross_dataset_confirmation,shiftguard-cross-dataset-v1.1,officehome,data/OfficeHome,Product,strong_aug,strong_aug,torchvision:resnet50:IMAGENET1K_V2,3407,3407,3407,0.0,0.0,2.0,9,highest_source_validation_accuracy_earliest_exact_tie,99b227dcb93611184c93d8ca226690c4d0981ffbcf2dcc67c240ac981854550e,7b2a609b34d0d852448433de24b7bb6a3fd02a1296a9ef45202b5456ae962172,complete,runs/revision/cross_dataset/officehome/strong_aug/Product/3407/officehome_Product_resnet50_strong_aug_seed3407.json,runs/revision/cross_dataset/officehome/strong_aug/Product/3407/officehome_Product_resnet50_strong_aug_seed3407.pt,2,0,
cross-officehome-strong_aug-Product-seed2026,P0_cross_dataset_confirmation,shiftguard-cross-dataset-v1.1,officehome,data/OfficeHome,Product,strong_aug,strong_aug,torchvision:resnet50:IMAGENET1K_V2,2026,2026,2026,0.0,0.0,2.0,9,highest_source_validation_accuracy_earliest_exact_tie,530f9f14bbad32e824a4c7ab5e03501276781b01c4abe8f090e6fa339b0f0b2e,7b2a609b34d0d852448433de24b7bb6a3fd02a1296a9ef45202b5456ae962172,complete,runs/revision/cross_dataset/officehome/strong_aug/Product/2026/officehome_Product_resnet50_strong_aug_seed2026.json,runs/revision/cross_dataset/officehome/strong_aug/Product/2026/officehome_Product_resnet50_strong_aug_seed2026.pt,2,0,
cross-officehome-strong_aug-Product-seed2027,P0_cross_dataset_confirmation,shiftguard-cross-dataset-v1.1,officehome,data/OfficeHome,Product,strong_aug,strong_aug,torchvision:resnet50:IMAGENET1K_V2,2027,2027,2027,0.0,0.0,2.0,9,highest_source_validation_accuracy_earliest_exact_tie,d01240d1fa1f58bcac7f32bc010fef55ef05009f82d643403e7565f920c1f5fc,7b2a609b34d0d852448433de24b7bb6a3fd02a1296a9ef45202b5456ae962172,complete,runs/revision/cross_dataset/officehome/strong_aug/Product/2027/officehome_Product_resnet50_strong_aug_seed2027.json,runs/revision/cross_dataset/officehome/strong_aug/Product/2027/officehome_Product_resnet50_strong_aug_seed2027.pt,2,0,
cross-officehome-strong_aug-Real_World-seed42,P0_cross_dataset_confirmation,shiftguard-cross-dataset-v1.1,officehome,data/OfficeHome,Real_World,strong_aug,strong_aug,torchvision:resnet50:IMAGENET1K_V2,42,42,42,0.0,0.0,2.0,9,highest_source_validation_accuracy_earliest_exact_tie,049575363eb68f59c70a51ac4e68d80a86c645b4b7e2aa4e5b19f267a54c56fe,7b2a609b34d0d852448433de24b7bb6a3fd02a1296a9ef45202b5456ae962172,complete,runs/revision/cross_dataset/officehome/strong_aug/Real_World/42/officehome_Real_World_resnet50_strong_aug_seed42.json,runs/revision/cross_dataset/officehome/strong_aug/Real_World/42/officehome_Real_World_resnet50_strong_aug_seed42.pt,2,0,
cross-officehome-strong_aug-Real_World-seed123,P0_cross_dataset_confirmation,shiftguard-cross-dataset-v1.1,officehome,data/OfficeHome,Real_World,strong_aug,strong_aug,torchvision:resnet50:IMAGENET1K_V2,123,123,123,0.0,0.0,2.0,9,highest_source_validation_accuracy_earliest_exact_tie,61f0b4c87ea7717af6ec887af7433cc584263e11663c2e74f13bbec1d8dbd9ef,7b2a609b34d0d852448433de24b7bb6a3fd02a1296a9ef45202b5456ae962172,complete,runs/revision/cross_dataset/officehome/strong_aug/Real_World/123/officehome_Real_World_resnet50_strong_aug_seed123.json,runs/revision/cross_dataset/officehome/strong_aug/Real_World/123/officehome_Real_World_resnet50_strong_aug_seed123.pt,2,0,
cross-officehome-strong_aug-Real_World-seed3407,P0_cross_dataset_confirmation,shiftguard-cross-dataset-v1.1,officehome,data/OfficeHome,Real_World,strong_aug,strong_aug,torchvision:resnet50:IMAGENET1K_V2,3407,3407,3407,0.0,0.0,2.0,9,highest_source_validation_accuracy_earliest_exact_tie,5937ab5a99571f95b393ba810a8c4fea625478ca01ec0dbd5d2c0e16795d23d4,7b2a609b34d0d852448433de24b7bb6a3fd02a1296a9ef45202b5456ae962172,complete,runs/revision/cross_dataset/officehome/strong_aug/Real_World/3407/officehome_Real_World_resnet50_strong_aug_seed3407.json,runs/revision/cross_dataset/officehome/strong_aug/Real_World/3407/officehome_Real_World_resnet50_strong_aug_seed3407.pt,2,0,
cross-officehome-strong_aug-Real_World-seed2026,P0_cross_dataset_confirmation,shiftguard-cross-dataset-v1.1,officehome,data/OfficeHome,Real_World,strong_aug,strong_aug,torchvision:resnet50:IMAGENET1K_V2,2026,2026,2026,0.0,0.0,2.0,9,highest_source_validation_accuracy_earliest_exact_tie,eaf91ed29a85a7efaa9eed8ac71082c487ecd3f8dc3e736ede4d11f4a74cde0b,7b2a609b34d0d852448433de24b7bb6a3fd02a1296a9ef45202b5456ae962172,complete,runs/revision/cross_dataset/officehome/strong_aug/Real_World/2026/officehome_Real_World_resnet50_strong_aug_seed2026.json,runs/revision/cross_dataset/officehome/strong_aug/Real_World/2026/officehome_Real_World_resnet50_strong_aug_seed2026.pt,2,0,
cross-officehome-strong_aug-Real_World-seed2027,P0_cross_dataset_confirmation,shiftguard-cross-dataset-v1.1,officehome,data/OfficeHome,Real_World,strong_aug,strong_aug,torchvision:resnet50:IMAGENET1K_V2,2027,2027,2027,0.0,0.0,2.0,9,highest_source_validation_accuracy_earliest_exact_tie,b6a3f19d5631d72f8458630ac465538137dd98c1a5c2ec471e96a40ff01434ec,7b2a609b34d0d852448433de24b7bb6a3fd02a1296a9ef45202b5456ae962172,complete,runs/revision/cross_dataset/officehome/strong_aug/Real_World/2027/officehome_Real_World_resnet50_strong_aug_seed2027.json,runs/revision/cross_dataset/officehome/strong_aug/Real_World/2027/officehome_Real_World_resnet50_strong_aug_seed2027.pt,2,0,
cross-officehome-feature_plus_kl-Art-seed42,P0_cross_dataset_confirmation,shiftguard-cross-dataset-v1.1,officehome,data/OfficeHome,Art,feature_plus_kl,feature_plus_kl,torchvision:resnet50:IMAGENET1K_V2,42,42,42,0.1,0.05,2.0,9,highest_source_validation_accuracy_earliest_exact_tie,1a4dfff5d584dc33396a130d06e92aa0d4e06d8f243ef2ec2de8d04786a83977,7b2a609b34d0d852448433de24b7bb6a3fd02a1296a9ef45202b5456ae962172,complete,runs/revision/cross_dataset/officehome/feature_plus_kl/Art/42/officehome_Art_resnet50_feature_plus_kl_seed42.json,runs/revision/cross_dataset/officehome/feature_plus_kl/Art/42/officehome_Art_resnet50_feature_plus_kl_seed42.pt,2,0,
cross-officehome-feature_plus_kl-Art-seed123,P0_cross_dataset_confirmation,shiftguard-cross-dataset-v1.1,officehome,data/OfficeHome,Art,feature_plus_kl,feature_plus_kl,torchvision:resnet50:IMAGENET1K_V2,123,123,123,0.1,0.05,2.0,9,highest_source_validation_accuracy_earliest_exact_tie,4acad13ea6f0a92342b2f2c87e7e9b7ce62fa70a15d1d2a5c5e2d0293b94590e,7b2a609b34d0d852448433de24b7bb6a3fd02a1296a9ef45202b5456ae962172,complete,runs/revision/cross_dataset/officehome/feature_plus_kl/Art/123/officehome_Art_resnet50_feature_plus_kl_seed123.json,runs/revision/cross_dataset/officehome/feature_plus_kl/Art/123/officehome_Art_resnet50_feature_plus_kl_seed123.pt,2,0,
cross-officehome-feature_plus_kl-Art-seed3407,P0_cross_dataset_confirmation,shiftguard-cross-dataset-v1.1,officehome,data/OfficeHome,Art,feature_plus_kl,feature_plus_kl,torchvision:resnet50:IMAGENET1K_V2,3407,3407,3407,0.1,0.05,2.0,9,highest_source_validation_accuracy_earliest_exact_tie,1c5f7c8744e0568ce5834eec8c7290846770a3a727f5c613545c6d7337e9037d,7b2a609b34d0d852448433de24b7bb6a3fd02a1296a9ef45202b5456ae962172,complete,runs/revision/cross_dataset/officehome/feature_plus_kl/Art/3407/officehome_Art_resnet50_feature_plus_kl_seed3407.json,runs/revision/cross_dataset/officehome/feature_plus_kl/Art/3407/officehome_Art_resnet50_feature_plus_kl_seed3407.pt,2,0,
cross-officehome-feature_plus_kl-Art-seed2026,P0_cross_dataset_confirmation,shiftguard-cross-dataset-v1.1,officehome,data/OfficeHome,Art,feature_plus_kl,feature_plus_kl,torchvision:resnet50:IMAGENET1K_V2,2026,2026,2026,0.1,0.05,2.0,9,highest_source_validation_accuracy_earliest_exact_tie,daec76b09861a16cb3b8a46f1e4d8de8dc4f8c3fd87bf4cfb11f9fdc5cacbe39,7b2a609b34d0d852448433de24b7bb6a3fd02a1296a9ef45202b5456ae962172,complete,runs/revision/cross_dataset/officehome/feature_plus_kl/Art/2026/officehome_Art_resnet50_feature_plus_kl_seed2026.json,runs/revision/cross_dataset/officehome/feature_plus_kl/Art/2026/officehome_Art_resnet50_feature_plus_kl_seed2026.pt,2,0,
cross-officehome-feature_plus_kl-Art-seed2027,P0_cross_dataset_confirmation,shiftguard-cross-dataset-v1.1,officehome,data/OfficeHome,Art,feature_plus_kl,feature_plus_kl,torchvision:resnet50:IMAGENET1K_V2,2027,2027,2027,0.1,0.05,2.0,9,highest_source_validation_accuracy_earliest_exact_tie,6b2109cf8a855e9b832c329268cd7f67d318d335816d37ba7e6c865130e5e197,7b2a609b34d0d852448433de24b7bb6a3fd02a1296a9ef45202b5456ae962172,complete,runs/revision/cross_dataset/officehome/feature_plus_kl/Art/2027/officehome_Art_resnet50_feature_plus_kl_seed2027.json,runs/revision/cross_dataset/officehome/feature_plus_kl/Art/2027/officehome_Art_resnet50_feature_plus_kl_seed2027.pt,2,0,
cross-officehome-feature_plus_kl-Clipart-seed42,P0_cross_dataset_confirmation,shiftguard-cross-dataset-v1.1,officehome,data/OfficeHome,Clipart,feature_plus_kl,feature_plus_kl,torchvision:resnet50:IMAGENET1K_V2,42,42,42,0.1,0.05,2.0,9,highest_source_validation_accuracy_earliest_exact_tie,5349e1d047d174be1f6fe2d1c5db87c19f15087e419c4e9cd89f808ac9348f38,7b2a609b34d0d852448433de24b7bb6a3fd02a1296a9ef45202b5456ae962172,complete,runs/revision/cross_dataset/officehome/feature_plus_kl/Clipart/42/officehome_Clipart_resnet50_feature_plus_kl_seed42.json,runs/revision/cross_dataset/officehome/feature_plus_kl/Clipart/42/officehome_Clipart_resnet50_feature_plus_kl_seed42.pt,2,0,
cross-officehome-feature_plus_kl-Clipart-seed123,P0_cross_dataset_confirmation,shiftguard-cross-dataset-v1.1,officehome,data/OfficeHome,Clipart,feature_plus_kl,feature_plus_kl,torchvision:resnet50:IMAGENET1K_V2,123,123,123,0.1,0.05,2.0,9,highest_source_validation_accuracy_earliest_exact_tie,d4a8cb4e738d8b9f1c0e862760eee3714cca6f5abe5a7fb899ff25b0875ad2ac,7b2a609b34d0d852448433de24b7bb6a3fd02a1296a9ef45202b5456ae962172,complete,runs/revision/cross_dataset/officehome/feature_plus_kl/Clipart/123/officehome_Clipart_resnet50_feature_plus_kl_seed123.json,runs/revision/cross_dataset/officehome/feature_plus_kl/Clipart/123/officehome_Clipart_resnet50_feature_plus_kl_seed123.pt,2,0,
cross-officehome-feature_plus_kl-Clipart-seed3407,P0_cross_dataset_confirmation,shiftguard-cross-dataset-v1.1,officehome,data/OfficeHome,Clipart,feature_plus_kl,feature_plus_kl,torchvision:resnet50:IMAGENET1K_V2,3407,3407,3407,0.1,0.05,2.0,9,highest_source_validation_accuracy_earliest_exact_tie,015301dba2fc19d9d5661231bf867c42c5a5fb3ea361e5eb82880422c754a626,7b2a609b34d0d852448433de24b7bb6a3fd02a1296a9ef45202b5456ae962172,complete,runs/revision/cross_dataset/officehome/feature_plus_kl/Clipart/3407/officehome_Clipart_resnet50_feature_plus_kl_seed3407.json,runs/revision/cross_dataset/officehome/feature_plus_kl/Clipart/3407/officehome_Clipart_resnet50_feature_plus_kl_seed3407.pt,2,0,
cross-officehome-feature_plus_kl-Clipart-seed2026,P0_cross_dataset_confirmation,shiftguard-cross-dataset-v1.1,officehome,data/OfficeHome,Clipart,feature_plus_kl,feature_plus_kl,torchvision:resnet50:IMAGENET1K_V2,2026,2026,2026,0.1,0.05,2.0,9,highest_source_validation_accuracy_earliest_exact_tie,e193e7f2022f27c1afab9061fc4ab3446d54a61c8a9141d45882cdb92d07de2e,7b2a609b34d0d852448433de24b7bb6a3fd02a1296a9ef45202b5456ae962172,complete,runs/revision/cross_dataset/officehome/feature_plus_kl/Clipart/2026/officehome_Clipart_resnet50_feature_plus_kl_seed2026.json,runs/revision/cross_dataset/officehome/feature_plus_kl/Clipart/2026/officehome_Clipart_resnet50_feature_plus_kl_seed2026.pt,2,0,
cross-officehome-feature_plus_kl-Clipart-seed2027,P0_cross_dataset_confirmation,shiftguard-cross-dataset-v1.1,officehome,data/OfficeHome,Clipart,feature_plus_kl,feature_plus_kl,torchvision:resnet50:IMAGENET1K_V2,2027,2027,2027,0.1,0.05,2.0,9,highest_source_validation_accuracy_earliest_exact_tie,6f3f7e9da0d02e50a0f4abd5c4b50a55c0b927bd5b2b964f9a493d6f245075a2,7b2a609b34d0d852448433de24b7bb6a3fd02a1296a9ef45202b5456ae962172,complete,runs/revision/cross_dataset/officehome/feature_plus_kl/Clipart/2027/officehome_Clipart_resnet50_feature_plus_kl_seed2027.json,runs/revision/cross_dataset/officehome/feature_plus_kl/Clipart/2027/officehome_Clipart_resnet50_feature_plus_kl_seed2027.pt,2,0,
cross-officehome-feature_plus_kl-Product-seed42,P0_cross_dataset_confirmation,shiftguard-cross-dataset-v1.1,officehome,data/OfficeHome,Product,feature_plus_kl,feature_plus_kl,torchvision:resnet50:IMAGENET1K_V2,42,42,42,0.1,0.05,2.0,9,highest_source_validation_accuracy_earliest_exact_tie,dabe49e0156fe1a0eb7ea6dc475addb556b06b2903eb128966a64f4465bbd2d4,7b2a609b34d0d852448433de24b7bb6a3fd02a1296a9ef45202b5456ae962172,complete,runs/revision/cross_dataset/officehome/feature_plus_kl/Product/42/officehome_Product_resnet50_feature_plus_kl_seed42.json,runs/revision/cross_dataset/officehome/feature_plus_kl/Product/42/officehome_Product_resnet50_feature_plus_kl_seed42.pt,2,0,
cross-officehome-feature_plus_kl-Product-seed123,P0_cross_dataset_confirmation,shiftguard-cross-dataset-v1.1,officehome,data/OfficeHome,Product,feature_plus_kl,feature_plus_kl,torchvision:resnet50:IMAGENET1K_V2,123,123,123,0.1,0.05,2.0,9,highest_source_validation_accuracy_earliest_exact_tie,65955b9b3cdbd944d2a99f711fd6d7d9ae11b1978b6426641d0821d8f2bd16de,7b2a609b34d0d852448433de24b7bb6a3fd02a1296a9ef45202b5456ae962172,complete,runs/revision/cross_dataset/officehome/feature_plus_kl/Product/123/officehome_Product_resnet50_feature_plus_kl_seed123.json,runs/revision/cross_dataset/officehome/feature_plus_kl/Product/123/officehome_Product_resnet50_feature_plus_kl_seed123.pt,2,0,
cross-officehome-feature_plus_kl-Product-seed3407,P0_cross_dataset_confirmation,shiftguard-cross-dataset-v1.1,officehome,data/OfficeHome,Product,feature_plus_kl,feature_plus_kl,torchvision:resnet50:IMAGENET1K_V2,3407,3407,3407,0.1,0.05,2.0,9,highest_source_validation_accuracy_earliest_exact_tie,eefa16d38230234a89dcd15cf7d5f8d57623e6701b0518ce8eb8cce4450ac9ac,7b2a609b34d0d852448433de24b7bb6a3fd02a1296a9ef45202b5456ae962172,complete,runs/revision/cross_dataset/officehome/feature_plus_kl/Product/3407/officehome_Product_resnet50_feature_plus_kl_seed3407.json,runs/revision/cross_dataset/officehome/feature_plus_kl/Product/3407/officehome_Product_resnet50_feature_plus_kl_seed3407.pt,2,0,
cross-officehome-feature_plus_kl-Product-seed2026,P0_cross_dataset_confirmation,shiftguard-cross-dataset-v1.1,officehome,data/OfficeHome,Product,feature_plus_kl,feature_plus_kl,torchvision:resnet50:IMAGENET1K_V2,2026,2026,2026,0.1,0.05,2.0,9,highest_source_validation_accuracy_earliest_exact_tie,be3589107cc272975a681962a79aa23038dde3e51b82b22bd15b4776c1a0849e,7b2a609b34d0d852448433de24b7bb6a3fd02a1296a9ef45202b5456ae962172,complete,runs/revision/cross_dataset/officehome/feature_plus_kl/Product/2026/officehome_Product_resnet50_feature_plus_kl_seed2026.json,runs/revision/cross_dataset/officehome/feature_plus_kl/Product/2026/officehome_Product_resnet50_feature_plus_kl_seed2026.pt,2,0,
cross-officehome-feature_plus_kl-Product-seed2027,P0_cross_dataset_confirmation,shiftguard-cross-dataset-v1.1,officehome,data/OfficeHome,Product,feature_plus_kl,feature_plus_kl,torchvision:resnet50:IMAGENET1K_V2,2027,2027,2027,0.1,0.05,2.0,9,highest_source_validation_accuracy_earliest_exact_tie,9c0dda13353f67341d8c1e91c90d44bb4133a996eba7992b26b6d00d2d116a9f,7b2a609b34d0d852448433de24b7bb6a3fd02a1296a9ef45202b5456ae962172,complete,runs/revision/cross_dataset/officehome/feature_plus_kl/Product/2027/officehome_Product_resnet50_feature_plus_kl_seed2027.json,runs/revision/cross_dataset/officehome/feature_plus_kl/Product/2027/officehome_Product_resnet50_feature_plus_kl_seed2027.pt,2,0,
cross-officehome-feature_plus_kl-Real_World-seed42,P0_cross_dataset_confirmation,shiftguard-cross-dataset-v1.1,officehome,data/OfficeHome,Real_World,feature_plus_kl,feature_plus_kl,torchvision:resnet50:IMAGENET1K_V2,42,42,42,0.1,0.05,2.0,9,highest_source_validation_accuracy_earliest_exact_tie,31f2d9576816a3c69767b486f70a48ef9b1aa93f68e394a4e31d4399b3d29595,7b2a609b34d0d852448433de24b7bb6a3fd02a1296a9ef45202b5456ae962172,complete,runs/revision/cross_dataset/officehome/feature_plus_kl/Real_World/42/officehome_Real_World_resnet50_feature_plus_kl_seed42.json,runs/revision/cross_dataset/officehome/feature_plus_kl/Real_World/42/officehome_Real_World_resnet50_feature_plus_kl_seed42.pt,2,0,
cross-officehome-feature_plus_kl-Real_World-seed123,P0_cross_dataset_confirmation,shiftguard-cross-dataset-v1.1,officehome,data/OfficeHome,Real_World,feature_plus_kl,feature_plus_kl,torchvision:resnet50:IMAGENET1K_V2,123,123,123,0.1,0.05,2.0,9,highest_source_validation_accuracy_earliest_exact_tie,c3d6fa95b45dc2d1db488be662d054c35e50c0caaca3dc238e2f7eca278e7e5e,7b2a609b34d0d852448433de24b7bb6a3fd02a1296a9ef45202b5456ae962172,complete,runs/revision/cross_dataset/officehome/feature_plus_kl/Real_World/123/officehome_Real_World_resnet50_feature_plus_kl_seed123.json,runs/revision/cross_dataset/officehome/feature_plus_kl/Real_World/123/officehome_Real_World_resnet50_feature_plus_kl_seed123.pt,1,0,
cross-officehome-feature_plus_kl-Real_World-seed3407,P0_cross_dataset_confirmation,shiftguard-cross-dataset-v1.1,officehome,data/OfficeHome,Real_World,feature_plus_kl,feature_plus_kl,torchvision:resnet50:IMAGENET1K_V2,3407,3407,3407,0.1,0.05,2.0,9,highest_source_validation_accuracy_earliest_exact_tie,54c4513a58227205e58ca2d07f7b3bb343ff5de006caae2c4cc2ac79a1e724a1,7b2a609b34d0d852448433de24b7bb6a3fd02a1296a9ef45202b5456ae962172,complete,runs/revision/cross_dataset/officehome/feature_plus_kl/Real_World/3407/officehome_Real_World_resnet50_feature_plus_kl_seed3407.json,runs/revision/cross_dataset/officehome/feature_plus_kl/Real_World/3407/officehome_Real_World_resnet50_feature_plus_kl_seed3407.pt,1,0,
cross-officehome-feature_plus_kl-Real_World-seed2026,P0_cross_dataset_confirmation,shiftguard-cross-dataset-v1.1,officehome,data/OfficeHome,Real_World,feature_plus_kl,feature_plus_kl,torchvision:resnet50:IMAGENET1K_V2,2026,2026,2026,0.1,0.05,2.0,9,highest_source_validation_accuracy_earliest_exact_tie,973abdf5e05bf0d43c601a6182153c4d0e4b0c77b4ecb0ec26e8e14e71277f91,7b2a609b34d0d852448433de24b7bb6a3fd02a1296a9ef45202b5456ae962172,complete,runs/revision/cross_dataset/officehome/feature_plus_kl/Real_World/2026/officehome_Real_World_resnet50_feature_plus_kl_seed2026.json,runs/revision/cross_dataset/officehome/feature_plus_kl/Real_World/2026/officehome_Real_World_resnet50_feature_plus_kl_seed2026.pt,2,0,
cross-officehome-feature_plus_kl-Real_World-seed2027,P0_cross_dataset_confirmation,shiftguard-cross-dataset-v1.1,officehome,data/OfficeHome,Real_World,feature_plus_kl,feature_plus_kl,torchvision:resnet50:IMAGENET1K_V2,2027,2027,2027,0.1,0.05,2.0,9,highest_source_validation_accuracy_earliest_exact_tie,19cd969d615d87fd621b44e97159ebff4460df38bcab7fb0211e34ece9f3a910,7b2a609b34d0d852448433de24b7bb6a3fd02a1296a9ef45202b5456ae962172,complete,runs/revision/cross_dataset/officehome/feature_plus_kl/Real_World/2027/officehome_Real_World_resnet50_feature_plus_kl_seed2027.json,runs/revision/cross_dataset/officehome/feature_plus_kl/Real_World/2027/officehome_Real_World_resnet50_feature_plus_kl_seed2027.pt,2,0,
